total_ride_count,total_distance,total_duration,total_earnings,perday_ridecount_var,perday_ridecount_mean,accept_response_time_mean,accept_response_time_var,arrival_time_mean,arrival_time_var,wait_time_mean,wait_time_var,speed_mean,speed_var,long_ride,med_ride,short_ride,evening_ride,morning_ride,night_ride,cluster
31,117531,20497,321.4346979791667,1.0715506715506715,0.34065934065934067,11.838709677419354,258.13978494623655,177.16129032258064,6395.47311827957,4.870967741935484,6395.47311827957,20.544013631760745,6395.47311827957,0.0,1.0,30.0,24.0,6.0,1.0,0
34,269653,29205,482.2992060125,1.214407814407816,0.37362637362637363,7.294117647058823,16.638146167557935,223.23529411764707,17208.73083778966,4.088235294117647,17208.73083778966,25.24834983537048,17208.73083778966,3.0,2.0,29.0,24.0,8.0,2.0,0
53,257670,50447,686.1047646999999,2.1792429792429795,0.5824175824175825,6.660377358490566,54.613207547169814,248.26415094339623,31192.81349782294,5.830188679245283,31192.81349782294,18.427337723515148,31192.81349782294,2.0,2.0,49.0,33.0,18.0,2.0,0
56,455475,50021,784.1179286249996,4.217094017094029,0.6153846153846154,24.910714285714285,3382.373701298701,238.42857142857142,22982.976623376628,2.392857142857143,22982.976623376628,27.72526704480966,22982.976623376628,5.0,11.0,40.0,25.0,15.0,16.0,0
38,245552,30430,470.4342985625001,0.7570207570207563,0.4175824175824176,10.157894736842104,76.08250355618776,253.97368421052633,31692.29658605974,2.736842105263158,31692.29658605974,25.049441469614944,31692.29658605974,3.0,4.0,31.0,26.0,0.0,12.0,0
43,254250,35639,502.97795517083324,2.4964590964591062,0.4725274725274725,11.069767441860465,271.828349944629,262.16279069767444,26746.568106312287,2.883720930232558,26746.568106312287,22.79282367028862,26746.568106312287,2.0,3.0,38.0,39.0,3.0,1.0,0
55,466193,57344,885.5272653416666,2.5973137973137908,0.6043956043956044,8.145454545454545,79.01548821548822,211.3272727272727,16444.81683501684,2.109090909090909,16444.81683501684,26.343249842818135,16444.81683501684,10.0,7.0,38.0,14.0,28.0,13.0,0
56,361814,47006,736.4210489208333,3.3948717948718006,0.6153846153846154,6.410714285714286,11.155519480519478,235.91071428571428,35016.99188311689,2.607142857142857,35016.99188311689,24.890385262795338,35016.99188311689,4.0,10.0,42.0,33.0,19.0,4.0,0
32,313768,32534,504.5541393791667,1.097191697191696,0.3516483516483517,10.4375,30.124999999999993,426.125,111698.8870967742,6.0,111698.8870967742,28.76422702338401,111698.8870967742,6.0,7.0,19.0,2.0,30.0,0.0,0
46,409881,42498,710.2044303833333,1.830525030525032,0.5054945054945055,14.195652173913043,314.96086956521737,324.7826086956522,27495.285024154586,10.543478260869565,27495.285024154586,30.40360527071047,27495.285024154586,6.0,13.0,27.0,22.0,2.0,22.0,0
44,221997,35106,557.9168183583333,3.4969474969474885,0.4835164835164835,9.431818181818182,292.0184989429175,191.1590909090909,14155.34619450317,2.227272727272727,14155.34619450317,21.216737566708122,14155.34619450317,1.0,8.0,35.0,4.0,36.0,4.0,0
22,106079,15227,252.8301339958333,1.0964590964590957,0.24175824175824176,11.818181818181818,184.82251082251082,249.1818181818182,25259.679653679657,15.863636363636363,25259.679653679657,23.41861691808454,25259.679653679657,1.0,2.0,19.0,8.0,2.0,12.0,0
192,915768,154464,2163.887920608333,11.854456654456659,2.10989010989011,12.90625,744.3367146596858,281.1614583333333,36482.502590532284,7.734375,36482.502590532284,19.90798396646873,36482.502590532284,9.0,15.0,168.0,31.0,160.0,1.0,0
36,179863,25484,399.0979519125,1.130647130647131,0.3956043956043956,9.38888888888889,48.98730158730158,146.69444444444446,6852.961111111112,2.3055555555555554,6852.961111111112,23.828162756244303,6852.961111111112,0.0,5.0,31.0,0.0,0.0,36.0,0
38,148027,30762,390.47548807500004,1.2903540903540893,0.4175824175824176,10.631578947368421,133.96870554765292,207.28947368421052,20052.913940256047,2.236842105263158,20052.913940256047,17.298189127559276,20052.913940256047,0.0,2.0,36.0,17.0,21.0,0.0,0
46,257538,31372,577.5008262625,5.141636141636131,0.5054945054945055,7.326086956521739,205.55797101449272,177.91304347826087,12911.058937198066,2.4130434782608696,12911.058937198066,26.4354197945442,12911.058937198066,2.0,10.0,34.0,24.0,0.0,22.0,0
38,231921,24081,449.94963524166656,2.5792429792429847,0.4175824175824176,8.631578947368421,27.8605974395448,217.0,19357.35135135135,2.263157894736842,19357.35135135135,29.4016512960225,19357.35135135135,2.0,4.0,32.0,9.0,0.0,29.0,0
40,235813,34242,498.6490624583332,1.7379731379731387,0.43956043956043955,16.275,2263.742948717949,279.8,40776.112820512804,1.375,40776.112820512804,21.73742181083642,40776.112820512804,1.0,5.0,34.0,31.0,9.0,0.0,0
45,236439,29847,462.91921369166647,2.497191697191695,0.4945054945054945,14.266666666666667,503.4272727272728,206.13333333333333,17541.48181818182,2.3777777777777778,17541.48181818182,25.3648507538165,17541.48181818182,2.0,4.0,39.0,25.0,8.0,12.0,0
32,455048,31573,599.1152007791666,1.208302808302809,0.3516483516483517,12.875,289.01612903225805,408.96875,51337.450604838705,4.25,51337.450604838705,44.98113683377117,51337.450604838705,6.0,13.0,13.0,5.0,27.0,0.0,0
32,307030,29570,523.9268347166666,1.9638583638583618,0.3516483516483517,12.21875,171.0796370967742,556.96875,106554.28931451614,2.5,106554.28931451614,32.429138954362024,106554.28931451614,4.0,10.0,18.0,14.0,3.0,15.0,0
40,477685,43741,735.4159806749999,1.8935286935286948,0.43956043956043955,21.0,3195.3846153846152,495.9,116777.16923076924,1.85,116777.16923076924,33.25679946596142,116777.16923076924,7.0,6.0,27.0,0.0,31.0,9.0,0
28,123538,25278,316.1060527583333,2.6820512820512854,0.3076923076923077,20.785714285714285,2054.9153439153442,246.14285714285714,21482.941798941807,1.6071428571428572,21482.941798941807,17.03285679638738,21482.941798941807,0.0,3.0,25.0,0.0,28.0,0.0,0
41,382524,38308,598.7891476708332,2.6947496947496936,0.45054945054945056,16.24390243902439,984.8390243902437,316.3414634146341,38281.03048780488,14.560975609756097,38281.03048780488,29.999537588870016,38281.03048780488,3.0,11.0,27.0,21.0,19.0,1.0,0
38,316952,35432,502.3627726166667,1.0014652014652008,0.4175824175824176,19.92105263157895,638.8314366998577,581.921052631579,70826.88549075392,2.9473684210526314,70826.88549075392,28.57507559324132,70826.88549075392,4.0,7.0,27.0,8.0,30.0,0.0,0
39,377436,33717,586.0893252583334,1.5809523809523778,0.42857142857142855,13.76923076923077,199.3400809716599,360.2564102564103,55660.985155195674,1.6666666666666667,55660.985155195674,37.396182934068605,55660.985155195674,5.0,13.0,21.0,2.0,25.0,12.0,0
40,294564,32342,510.0004022999999,2.2268620268620327,0.43956043956043955,18.075,726.225,369.8,30334.11282051281,9.7,30334.11282051281,29.619683616911225,30334.11282051281,3.0,10.0,27.0,14.0,22.0,4.0,0
51,301688,52764,698.0809775208332,3.493528693528698,0.5604395604395604,8.294117647058824,196.13176470588232,202.2549019607843,17087.073725490198,2.2745098039215685,17087.073725490198,18.956552615394408,17087.073725490198,4.0,4.0,43.0,18.0,22.0,11.0,0
24,117873,21099,311.97163509583334,0.9963369963369977,0.26373626373626374,8.5,111.82608695652173,121.54166666666667,5961.389492753621,5.5,5961.389492753621,20.125418594940935,5961.389492753621,0.0,4.0,20.0,9.0,11.0,4.0,0
29,151665,19938,321.8640746708333,1.641758241758237,0.31868131868131866,6.310344827586207,47.50738916256158,181.68965517241378,9863.864532019705,2.0,9863.864532019705,26.24188092615641,9863.864532019705,1.0,3.0,25.0,12.0,0.0,17.0,0
44,234759,31036,477.7913501916666,2.3858363858363907,0.4835164835164835,7.886363636363637,219.82399577167016,248.0909090909091,47577.29386892179,-9.727272727272727,47577.29386892179,24.140944065617273,47577.29386892179,1.0,6.0,37.0,28.0,0.0,16.0,0
41,438527,39908,675.6205043833335,1.472527472527472,0.45054945054945056,11.195121951219512,203.56097560975604,384.8780487804878,72645.40975609755,-4.682926829268292,72645.40975609755,34.103146649751736,72645.40975609755,5.0,14.0,22.0,23.0,13.0,5.0,0
65,516525,47276,848.4653592833336,4.406349206349205,0.7142857142857143,13.692307692307692,286.06009615384613,508.0,60087.0,1.8615384615384616,60087.0,35.99057036925331,60087.0,3.0,21.0,41.0,37.0,26.0,2.0,0
61,595439,53278,955.9511484208332,3.3567765567765524,0.6703296703296703,14.19672131147541,1754.9273224043716,336.37704918032784,27513.838797814213,0.18032786885245902,27513.838797814213,33.584133327035325,27513.838797814213,8.0,13.0,40.0,32.0,21.0,8.0,0
38,181899,28963,388.9380665916666,5.601465201465187,0.4175824175824176,8.368421052631579,99.21194879089617,217.81578947368422,18610.478662873404,2.3421052631578947,18610.478662873404,21.056960546631647,18610.478662873404,1.0,5.0,32.0,22.0,6.0,10.0,0
54,514457,43157,873.4667985916668,3.421733821733822,0.5934065934065934,11.185185185185185,187.09713487071977,406.64814814814815,76532.27009084556,-14.38888888888889,76532.27009084556,35.96517812849981,76532.27009084556,7.0,12.0,35.0,6.0,0.0,48.0,0
21,131838,14940,267.5947752666667,1.5128205128205074,0.23076923076923078,11.19047619047619,190.66190476190476,151.0,11602.1,2.0952380952380953,11602.1,28.604098486553003,11602.1,0.0,7.0,14.0,2.0,0.0,19.0,0
49,280568,34832,545.6187300624999,4.206837606837628,0.5384615384615384,14.306122448979592,1495.675170068027,203.0,13842.916666666666,2.63265306122449,13842.916666666666,25.133037143034425,13842.916666666666,4.0,6.0,39.0,22.0,18.0,9.0,0
37,296384,36770,546.1221665166667,0.7106227106227121,0.4065934065934066,17.56756756756757,1286.3078078078076,211.59459459459458,26397.247747747748,2.324324324324324,26397.247747747748,27.81645091139122,26397.247747747748,3.0,9.0,25.0,36.0,1.0,0.0,0
54,433955,48456,768.4676907874998,4.777289377289368,0.5934065934065934,14.407407407407407,398.96296296296293,300.2037037037037,24943.29734451432,-8.666666666666666,24943.29734451432,28.530534761256657,24943.29734451432,8.0,6.0,40.0,21.0,24.0,9.0,0
81,519658,72074,1131.0583011624997,3.6989010989011017,0.8901098901098901,8.703703703703704,141.28611111111118,191.88888888888889,20617.549999999996,2.962962962962963,20617.549999999996,23.396720004239537,20617.549999999996,5.0,12.0,64.0,50.0,0.0,31.0,0
32,482706,39442,708.9132955291668,0.9860805860805838,0.3516483516483517,9.5,91.48387096774196,217.25,26339.161290322576,6.28125,26339.161290322576,36.50556421514495,26339.161290322576,10.0,5.0,17.0,16.0,3.0,13.0,0
45,528555,42585,812.0220980041665,2.274969474969474,0.4945054945054945,12.022222222222222,361.4313131313132,308.4,53025.83636363635,2.111111111111111,53025.83636363635,32.0945876561802,53025.83636363635,8.0,8.0,29.0,28.0,4.0,13.0,0
26,225535,18673,348.41725275000005,0.9841269841269844,0.2857142857142857,19.192307692307693,1435.2815384615385,327.9230769230769,39282.63384615385,2.0384615384615383,39282.63384615385,35.52666005749303,39282.63384615385,3.0,4.0,19.0,3.0,5.0,18.0,0
47,388450,43141,712.9558443833334,3.2080586080586078,0.5164835164835165,8.74468085106383,111.23774283071226,228.40425531914894,47356.37650323775,10.574468085106384,47356.37650323775,28.55822664600665,47356.37650323775,5.0,11.0,31.0,28.0,10.0,9.0,0
41,275991,32138,525.9003453958334,2.6503052503052498,0.45054945054945056,15.707317073170731,509.21219512195137,335.609756097561,66524.89390243901,4.804878048780488,66524.89390243901,27.220676074070912,66524.89390243901,3.0,6.0,32.0,18.0,17.0,6.0,0
27,147298,21650,320.51716376666667,3.099877899877887,0.2967032967032967,8.777777777777779,174.17948717948718,212.11111111111111,5029.1025641025635,2.740740740740741,5029.1025641025635,23.939812963215225,5029.1025641025635,1.0,4.0,22.0,17.0,9.0,1.0,0
43,207468,32785,486.7152733625,2.8964590964591044,0.4725274725274725,8.790697674418604,199.12181616832774,264.04651162790697,20413.045404208202,2.4186046511627906,20413.045404208202,22.087335957127785,20413.045404208202,0.0,7.0,36.0,35.0,5.0,3.0,0
28,209977,19356,348.64835428749996,0.8376068376068405,0.3076923076923077,7.714285714285714,34.06349206349206,273.25,17352.19444444444,2.142857142857143,17352.19444444444,32.44188272237567,17352.19444444444,2.0,5.0,21.0,15.0,1.0,12.0,0
35,132856,20465,319.5720514125,1.5282051282051297,0.38461538461538464,12.657142857142857,816.3495798319329,247.0,19454.176470588234,13.914285714285715,19454.176470588234,22.99445728997709,19454.176470588234,0.0,3.0,32.0,15.0,14.0,6.0,0
44,254075,32982,509.90571617916675,3.3191697191697114,0.4835164835164835,18.272727272727273,5258.435517970402,280.65909090909093,15286.415961945026,2.6363636363636362,15286.415961945026,26.20773597930918,15286.415961945026,2.0,9.0,33.0,4.0,39.0,1.0,0
45,299714,39318,549.9458470041666,3.163858363858371,0.4945054945054945,5.044444444444444,13.407070707070709,177.82222222222222,13887.194949494955,4.466666666666667,13887.194949494955,25.268401290646924,13887.194949494955,3.0,8.0,34.0,14.0,31.0,0.0,0
39,441702,40307,656.5344355458332,2.0920634920634877,0.42857142857142855,8.051282051282051,44.1025641025641,310.87179487179486,30194.95681511471,2.5641025641025643,30194.95681511471,34.563260286562205,30194.95681511471,5.0,13.0,21.0,2.0,33.0,4.0,0
41,498875,39104,665.0330485958335,0.6725274725274724,0.45054945054945056,19.48780487804878,2914.4560975609756,527.8048780487804,51737.560975609755,3.6097560975609757,51737.560975609755,41.505544292375625,51737.560975609755,10.0,11.0,20.0,18.0,1.0,22.0,0
45,448788,42458,729.9457502500002,1.3416361416361406,0.4945054945054945,19.88888888888889,1873.9646464646473,304.77777777777777,28458.49494949494,9.666666666666666,28458.49494949494,33.60203149534119,28458.49494949494,8.0,6.0,31.0,21.0,0.0,24.0,0
40,330778,41173,581.0346592541667,0.8713064713064711,0.43956043956043955,8.725,65.02499999999999,225.575,30339.12243589743,6.15,30339.12243589743,29.617310458675576,30339.12243589743,0.0,15.0,25.0,13.0,26.0,1.0,0
118,703204,91515,1437.406204395833,3.9665445665445644,1.2967032967032968,7.97457627118644,57.136100246269734,275.3050847457627,29938.418948283364,2.847457627118644,29938.418948283364,24.85642263961637,29938.418948283364,5.0,15.0,98.0,21.0,31.0,66.0,0
42,320900,47222,714.6711966749999,2.1401709401709437,0.46153846153846156,9.333333333333334,41.15447154471545,529.7380952380952,345668.73461091757,-63.42857142857143,345668.73461091757,20.032181776543105,345668.73461091757,4.0,8.0,30.0,33.0,8.0,1.0,0
48,592945,54711,881.0442098291666,3.1631257631257697,0.5274725274725275,10.583333333333334,128.37588652482265,359.3333333333333,32075.035460992905,6.854166666666667,32075.035460992905,30.936129865831674,32075.035460992905,9.0,7.0,32.0,20.0,26.0,2.0,0
27,157020,22064,309.2557817625001,1.0332112332112333,0.2967032967032967,6.0,7.769230769230769,207.44444444444446,26996.41025641025,-10.481481481481481,26996.41025641025,24.551709061282402,26996.41025641025,1.0,5.0,21.0,23.0,3.0,1.0,0
54,481625,50074,795.9615581291667,2.443956043956049,0.5934065934065934,12.814814814814815,697.7763801537388,316.75925925925924,53792.11076170511,5.722222222222222,53792.11076170511,28.678881808282227,53792.11076170511,6.0,7.0,41.0,22.0,15.0,17.0,0
42,329172,39783,591.5518612583332,3.117948717948719,0.46153846153846156,9.523809523809524,74.45063879210221,277.8095238095238,17083.03600464576,2.9761904761904763,17083.03600464576,23.25540155340604,17083.03600464576,6.0,2.0,34.0,6.0,29.0,7.0,0
53,359196,41463,676.3450021374998,4.8903540903540765,0.5824175824175825,15.566037735849056,588.5195936139331,253.47169811320754,51856.830914368664,-7.188679245283019,51856.830914368664,26.80110394195218,51856.830914368664,4.0,7.0,42.0,27.0,0.0,26.0,0
40,276592,34852,518.1742061416667,3.2935286935286987,0.43956043956043955,7.075,28.942948717948727,189.575,10841.686538461538,1.725,10841.686538461538,26.74543006768075,10841.686538461538,2.0,10.0,28.0,17.0,17.0,6.0,0
41,239479,31158,483.89394850416664,2.005860805860806,0.45054945054945056,8.78048780487805,65.52560975609754,190.0487804878049,9702.74756097561,2.097560975609756,9702.74756097561,25.594245426273456,9702.74756097561,1.0,8.0,32.0,17.0,12.0,12.0,0
34,303089,33364,484.9722875458333,2.3921855921855864,0.37362637362637363,8.029411764705882,10.514260249554367,460.3235294117647,123847.98306595362,5.147058823529412,123847.98306595362,27.899781429698358,123847.98306595362,4.0,5.0,25.0,17.0,17.0,0.0,0
224,1079138,163488,2528.3015599833334,14.984615384615388,2.4615384615384617,13.223214285714286,1248.2369474695706,192.44642857142858,11969.396220371564,2.5714285714285716,11969.396220371564,21.884693983124503,11969.396220371564,6.0,17.0,201.0,75.0,93.0,56.0,0
35,276938,29596,469.7187564375,2.1948717948717933,0.38461538461538464,17.4,1049.482352941176,276.48571428571427,27718.139495798318,10.371428571428572,27718.139495798318,30.826911159241615,27718.139495798318,3.0,9.0,23.0,23.0,10.0,2.0,0
33,163627,21233,353.99723953750004,2.4781440781440756,0.3626373626373626,11.151515151515152,121.32007575757574,219.72727272727272,14688.392045454546,10.909090909090908,14688.392045454546,25.22297828012494,14688.392045454546,0.0,4.0,29.0,22.0,0.0,11.0,0
34,163934,28592,370.1036236458333,2.9477411477411426,0.37362637362637363,7.529411764705882,64.01426024955437,269.47058823529414,29241.953654188943,5.794117647058823,29241.953654188943,21.10360830163688,29241.953654188943,0.0,7.0,27.0,15.0,19.0,0.0,0
26,140280,15214,304.4862984791667,0.7396825396825395,0.2857142857142857,8.576923076923077,13.69384615384615,223.80769230769232,9727.921538461542,4.269230769230769,9727.921538461542,28.94557377700195,9727.921538461542,1.0,3.0,22.0,7.0,0.0,19.0,0
32,173731,27620,404.95065507083325,1.7416361416361374,0.3516483516483517,8.0,48.774193548387096,308.53125,24407.48286290323,2.71875,24407.48286290323,23.132454297783436,24407.48286290323,0.0,8.0,24.0,4.0,22.0,6.0,0
43,372175,30981,589.3370523333332,2.0742368742368744,0.4725274725274725,18.906976744186046,549.1339977851603,371.9767441860465,36411.642303433,14.604651162790697,36411.642303433,39.599747609366254,36411.642303433,5.0,11.0,27.0,18.0,14.0,11.0,0
49,395785,48793,666.3089239875,2.3401709401709394,0.5384615384615384,20.102040816326532,1492.968537414966,446.18367346938777,221847.3197278912,-83.24489795918367,221847.3197278912,28.056160331613665,221847.3197278912,3.0,23.0,23.0,10.0,37.0,2.0,0
27,194620,21632,357.0959557208333,1.3443223443223455,0.2967032967032967,11.296296296296296,269.7549857549858,206.37037037037038,15518.319088319091,16.444444444444443,15518.319088319091,31.559481658980687,15518.319088319091,3.0,4.0,20.0,17.0,1.0,9.0,0
41,293063,32292,560.9494975916666,4.4725274725274895,0.45054945054945056,10.951219512195122,523.8975609756098,372.3414634146341,35942.93048780488,-1.9268292682926829,35942.93048780488,27.74181196092806,35942.93048780488,3.0,7.0,31.0,15.0,19.0,7.0,0
54,330225,40773,621.4767240583333,2.488400488400496,0.5934065934065934,13.796296296296296,1831.9765897973452,239.5,17312.85849056604,7.685185185185185,17312.85849056604,27.07377776022288,17312.85849056604,1.0,12.0,41.0,25.0,10.0,19.0,0
39,363280,31783,543.1197947874999,1.6031746031745961,0.42857142857142855,9.205128205128204,46.746288798920375,329.4871794871795,28702.887989203777,-8.307692307692308,28702.887989203777,38.02354138813738,28702.887989203777,3.0,15.0,21.0,14.0,0.0,25.0,0
29,121273,21475,312.343279,1.1084249084249111,0.31868131868131866,11.758620689655173,616.4753694581283,257.1034482758621,12383.453201970447,1.9655172413793103,12383.453201970447,19.877175289436376,12383.453201970447,1.0,1.0,27.0,23.0,6.0,0.0,0
25,245253,20404,365.194103125,1.8014652014652028,0.27472527472527475,8.52,105.17666666666669,288.04,45433.70666666666,2.2,45433.70666666666,35.64037063663338,45433.70666666666,3.0,7.0,15.0,5.0,4.0,16.0,0
56,477819,54324,944.4470343083334,6.417094017094026,0.6153846153846154,41.25,50105.39090909094,330.32142857142856,38184.80389610389,-0.25,38184.80389610389,28.883684019113396,38184.80389610389,5.0,15.0,36.0,30.0,24.0,2.0,0
42,164182,31659,455.12992706666654,4.095726495726497,0.46153846153846156,11.666666666666666,272.32520325203257,254.4047619047619,55527.368757259,-0.9285714285714286,55527.368757259,18.02416069675768,55527.368757259,0.0,2.0,40.0,35.0,2.0,5.0,0
43,360524,43524,712.7344019416669,1.452014652014651,0.4725274725274725,25.441860465116278,6948.966777408634,390.06976744186045,69871.16168327795,3.7674418604651163,69871.16168327795,24.560114029044417,69871.16168327795,5.0,7.0,31.0,4.0,37.0,2.0,0
42,397280,36844,618.0608330041666,2.229059829059831,0.46153846153846156,14.071428571428571,614.2630662020905,722.7142857142857,773550.5993031358,-79.83333333333333,773550.5993031358,36.23948879114304,773550.5993031358,5.0,11.0,26.0,18.0,24.0,0.0,0
41,195482,40744,551.3620925499998,1.494749694749694,0.45054945054945056,14.341463414634147,148.3804878048781,253.14634146341464,61121.978048780504,10.463414634146341,61121.978048780504,16.661765553077323,61121.978048780504,2.0,4.0,35.0,13.0,24.0,4.0,0
33,221952,28049,408.7307033041666,0.944810744810744,0.3626373626373626,24.666666666666668,4306.729166666666,276.3333333333333,24979.041666666664,4.515151515151516,24979.041666666664,26.464760328555002,24979.041666666664,3.0,5.0,25.0,3.0,22.0,8.0,0
44,247030,31822,503.2747626749999,1.6302808302808327,0.4835164835164835,10.772727272727273,138.17970401691332,305.6818181818182,49438.8731501057,2.3863636363636362,49438.8731501057,24.136630335608046,49438.8731501057,1.0,8.0,35.0,14.0,28.0,2.0,0
159,993397,117431,2011.561247016667,6.01318681318681,1.7472527472527473,13.528301886792454,1625.2128015285411,187.36477987421384,9928.347106122124,5.716981132075472,9928.347106122124,27.193877142122616,9928.347106122124,7.0,25.0,127.0,64.0,0.0,95.0,0
57,386070,45274,693.6826339625001,3.5921855921855825,0.6263736263736264,27.017543859649123,3159.5175438596484,338.6140350877193,44835.09837092732,-5.228070175438597,44835.09837092732,28.158919569959465,44835.09837092732,2.0,13.0,42.0,26.0,20.0,11.0,0
29,179550,25489,379.1174892375,1.8417582417582363,0.31868131868131866,11.413793103448276,117.89408866995075,258.6551724137931,33525.0197044335,5.206896551724138,33525.0197044335,24.10687597673412,33525.0197044335,0.0,7.0,22.0,13.0,10.0,6.0,0
44,212263,36404,665.7216851958334,2.030280830280833,0.4835164835164835,8.477272727272727,38.44133192389006,299.0,71538.79069767441,-13.295454545454545,71538.79069767441,19.624379756915765,71538.79069767441,2.0,2.0,40.0,8.0,34.0,2.0,0
199,1076521,148711,2316.3369842000016,10.953601953601948,2.1868131868131866,7.798994974874372,119.14121110603517,247.69849246231155,21014.14095731181,0.5778894472361809,21014.14095731181,23.399765507185627,21014.14095731181,6.0,27.0,166.0,70.0,61.0,68.0,0
26,170427,20677,307.5639557708333,1.317460317460314,0.2857142857142857,25.615384615384617,4573.766153846154,327.2692307692308,20692.684615384616,2.1153846153846154,20692.684615384616,25.704163899484612,20692.684615384616,2.0,5.0,19.0,13.0,6.0,7.0,0
59,612595,74727,1021.5827161833334,5.363858363858377,0.6483516483516484,10.440677966101696,97.25073056691996,392.93220338983053,85856.92635885446,-0.8813559322033898,85856.92635885446,27.142431828172587,85856.92635885446,7.0,18.0,34.0,25.0,26.0,8.0,0
203,1030195,184455,2466.9375014,14.979487179487174,2.230769230769231,12.891625615763546,913.3842364532019,253.0344827586207,27443.18197336974,1.6206896551724137,27443.18197336974,18.80827293720398,27443.18197336974,9.0,11.0,183.0,120.0,60.0,23.0,0
30,267656,32514,473.5912351083333,1.9789987789987786,0.32967032967032966,6.333333333333333,23.954022988505745,209.66666666666666,32403.264367816086,8.766666666666667,32403.264367816086,24.257165645264525,32403.264367816086,4.0,3.0,23.0,23.0,4.0,3.0,0
46,422528,46428,716.0537921,1.674969474969471,0.5054945054945055,18.76086956521739,2163.0304347826086,332.7608695652174,91740.0082125604,-3.9347826086956523,91740.0082125604,28.45752745379679,91740.0082125604,8.0,10.0,28.0,16.0,11.0,19.0,0
24,133943,16613,289.88352063749994,0.8630036630036636,0.26373626373626374,10.875,89.59239130434783,226.125,15647.33152173913,2.5,15647.33152173913,26.64124468262143,15647.33152173913,0.0,6.0,18.0,20.0,4.0,0.0,0
193,966970,152238,2308.0882248124994,8.86300366300366,2.120879120879121,6.300518134715026,87.43005181347151,165.10362694300517,11406.87462219344,5.393782383419689,11406.87462219344,20.520088852201482,11406.87462219344,7.0,15.0,171.0,87.0,85.0,21.0,0
209,957909,175762,2279.5134611083336,14.077655677655684,2.2967032967032965,9.598086124401913,1254.318457857931,157.32535885167465,11391.249401913872,7.598086124401914,11391.249401913872,18.454795428876167,11391.249401913872,4.0,15.0,190.0,35.0,161.0,13.0,0
68,666515,66256,1096.1807192666665,6.057631257631242,0.7472527472527473,9.352941176470589,46.11237928007024,423.6029411764706,50089.16834942932,-0.4264705882352941,50089.16834942932,30.83386896087496,50089.16834942932,7.0,13.0,48.0,29.0,39.0,0.0,0
39,270873,28179,547.3462335166665,5.292063492063501,0.42857142857142855,10.333333333333334,203.49122807017548,378.0,166370.36842105267,-51.64102564102564,166370.36842105267,28.594474396758116,166370.36842105267,2.0,9.0,28.0,14.0,6.0,19.0,0
182,1097388,132667,2248.097090345833,11.511111111111111,2.0,14.373626373626374,2348.3458199259303,267.64285714285717,47084.23086029991,0.2857142857142857,47084.23086029991,25.34275916110876,47084.23086029991,11.0,22.0,149.0,99.0,46.0,37.0,0
35,263223,32107,501.30242485416676,3.8837606837606944,0.38461538461538464,11.342857142857143,376.9378151260504,253.5142857142857,45508.0806722689,2.5142857142857142,45508.0806722689,26.29125402819707,45508.0806722689,4.0,5.0,26.0,18.0,7.0,10.0,0
83,943624,69483,1356.2294619208333,3.747741147741152,0.9120879120879121,8.53012048192771,85.17895974140464,397.73493975903614,55694.90449603291,-8.409638554216867,55694.90449603291,40.13724550644912,55694.90449603291,12.0,24.0,47.0,14.0,29.0,40.0,0
203,1032391,141489,2405.4203627958323,12.068376068376073,2.230769230769231,19.07881773399015,12442.973955030982,173.76354679802955,10853.557674486661,15.763546798029557,10853.557674486661,24.541299554831156,10853.557674486661,6.0,21.0,176.0,86.0,8.0,109.0,0
177,916542,147794,2135.004345254166,19.785836385836394,1.945054945054945,11.389830508474576,999.2960323574733,180.65536723163842,15111.170326142783,15.689265536723164,15111.170326142783,21.45481665240644,15111.170326142783,6.0,16.0,155.0,106.0,23.0,48.0,0
56,522802,47142,939.6697044250001,1.9726495726495714,0.6153846153846154,13.125,806.147727272727,453.9642857142857,53255.744155844135,2.6785714285714284,53255.744155844135,33.97936555464722,53255.744155844135,6.0,14.0,36.0,1.0,52.0,3.0,0
47,234751,29477,489.99318481666654,2.385836385836394,0.5164835164835165,7.9787234042553195,66.23866790009251,172.17021276595744,10023.579093432007,1.851063829787234,10023.579093432007,26.240686135943406,10023.579093432007,0.0,9.0,38.0,33.0,1.0,13.0,0
36,202833,26906,414.0986366291666,1.7306471306471245,0.3956043956043956,13.86111111111111,593.8944444444445,298.9166666666667,38129.33571428571,11.527777777777779,38129.33571428571,25.09447867525828,38129.33571428571,1.0,5.0,30.0,16.0,11.0,9.0,0
28,243775,22872,442.5912076291667,1.5709401709401725,0.3076923076923077,17.392857142857142,1504.7658730158732,195.35714285714286,9319.719576719579,1.9642857142857142,9319.719576719579,31.599400623731487,9319.719576719579,3.0,3.0,22.0,3.0,2.0,23.0,0
33,160868,23055,355.96740951666663,1.3892551892551865,0.3626373626373626,8.666666666666666,47.541666666666664,184.6060606060606,9079.558712121214,4.242424242424242,9079.558712121214,22.389346347198316,9079.558712121214,1.0,3.0,29.0,6.0,11.0,16.0,0
49,448413,44641,755.3823262833332,2.3401709401709403,0.5384615384615384,8.571428571428571,89.04166666666667,235.9591836734694,28064.998299319734,-3.0816326530612246,28064.998299319734,31.20987570431142,28064.998299319734,7.0,10.0,32.0,19.0,4.0,26.0,0
50,442625,47306,760.3483047625,1.8725274725274719,0.5494505494505495,10.44,265.6391836734694,376.38,47978.89346938779,4.96,47978.89346938779,27.206268166458884,47978.89346938779,5.0,9.0,36.0,23.0,26.0,1.0,0
42,226690,37769,519.2405237125,4.47350427350428,0.46153846153846156,7.238095238095238,298.47851335656213,199.78571428571428,28549.73344947735,1.7380952380952381,28549.73344947735,20.15167158947952,28549.73344947735,1.0,6.0,35.0,23.0,8.0,11.0,0
53,447542,42259,763.7121187791668,2.3347985347985354,0.5824175824175825,15.90566037735849,879.8947750362843,310.1320754716981,42518.88606676343,6.622641509433962,42518.88606676343,32.732992016484275,42518.88606676343,6.0,7.0,40.0,22.0,20.0,11.0,0
51,530863,43425,814.4616399708331,2.649084249084252,0.5604395604395604,9.549019607843137,63.85254901960782,385.921568627451,71677.07372549019,5.9411764705882355,71677.07372549019,33.66912782460231,71677.07372549019,4.0,12.0,35.0,10.0,40.0,1.0,0
27,164370,20282,307.8200409333333,3.0998778998779017,0.2967032967032967,9.555555555555555,29.02564102564103,263.48148148148147,38031.02849002849,8.814814814814815,38031.02849002849,26.490134629104006,38031.02849002849,1.0,5.0,21.0,5.0,21.0,1.0,0
39,308786,36774,567.5658521791668,1.3365079365079369,0.42857142857142855,11.846153846153847,93.44939271255062,220.66666666666666,17156.17543859649,8.025641025641026,17156.17543859649,26.882369322143784,17156.17543859649,5.0,8.0,26.0,4.0,27.0,8.0,0
27,240976,28524,378.7972573166666,0.7665445665445674,0.2967032967032967,8.592592592592593,76.17378917378916,314.962962962963,29960.421652421654,12.11111111111111,29960.421652421654,26.67621094160864,29960.421652421654,3.0,7.0,17.0,11.0,15.0,1.0,0
45,405315,39286,630.8965096083336,2.34163614163614,0.4945054945054945,12.022222222222222,214.7494949494949,330.5111111111111,36883.89191919192,2.488888888888889,36883.89191919192,33.64733233975215,36883.89191919192,4.0,11.0,30.0,22.0,22.0,1.0,0
35,130558,23900,390.88718701666664,0.7726495726495725,0.38461538461538464,11.914285714285715,131.78655462184872,286.14285714285717,37512.53781512606,2.6285714285714286,37512.53781512606,18.87303984749348,37512.53781512606,0.0,2.0,33.0,20.0,15.0,0.0,0
31,194868,25626,368.4537438375,1.2493284493284496,0.34065934065934067,8.806451612903226,99.29462365591395,189.29032258064515,20024.279569892467,3.5483870967741935,20024.279569892467,24.938065860533108,20024.279569892467,1.0,8.0,22.0,6.0,12.0,13.0,0
47,244172,41315,622.6396304125001,5.141391941391944,0.5164835164835165,9.595744680851064,46.24606845513413,228.87234042553192,15494.765957446814,1.9148936170212767,15494.765957446814,19.36188129125558,15494.765957446814,2.0,4.0,41.0,26.0,20.0,1.0,0
63,719091,57750,994.7045903999998,2.5931623931623977,0.6923076923076923,19.53968253968254,4754.2201740911405,659.3174603174604,113109.76856118788,2.6984126984126986,113109.76856118788,37.82957816797923,113109.76856118788,9.0,18.0,36.0,18.0,42.0,3.0,0
49,268279,37537,539.0238730583333,4.4957264957265135,0.5384615384615384,7.653061224489796,50.31462585034014,172.0408163265306,12198.20663265306,2.326530612244898,12198.20663265306,22.822045787725237,12198.20663265306,2.0,9.0,38.0,32.0,9.0,8.0,0
40,313838,37800,558.9350801375,2.137973137973142,0.43956043956043955,19.475,1529.2814102564105,304.85,36170.48974358976,15.0,36170.48974358976,25.646340582524537,36170.48974358976,2.0,9.0,29.0,12.0,28.0,0.0,0
37,189922,35826,478.27835579583336,3.243956043956026,0.4065934065934066,8.594594594594595,99.91441441441444,183.13513513513513,11139.953453453454,2.324324324324324,11139.953453453454,18.146844314441577,11139.953453453454,1.0,4.0,32.0,15.0,22.0,0.0,0
51,699277,54378,902.0366865000002,1.826862026862029,0.5604395604395604,12.980392156862745,191.41960784313727,506.62745098039215,93918.87843137259,-5.313725490196078,93918.87843137259,38.37074708231624,93918.87843137259,9.0,14.0,28.0,15.0,33.0,3.0,0
39,234603,37475,539.6175661375001,2.580952380952375,0.42857142857142855,8.205128205128204,129.90418353576246,206.74358974358975,9878.300944669367,1.9487179487179487,9878.300944669367,20.39207549241449,9878.300944669367,2.0,2.0,35.0,10.0,29.0,0.0,0
36,287662,39766,499.2272647625,4.197313797313784,0.3956043956043956,6.138888888888889,28.40873015873016,204.13888888888889,18924.923015873017,2.111111111111111,18924.923015873017,21.962632120673604,18924.923015873017,4.0,4.0,28.0,13.0,23.0,0.0,0
49,330380,38958,671.0346129625,3.273504273504284,0.5384615384615384,10.061224489795919,474.8086734693877,308.2244897959184,43652.26105442176,-14.63265306122449,43652.26105442176,26.89962792245638,43652.26105442176,5.0,4.0,40.0,17.0,15.0,17.0,0
44,476609,36295,668.4731923125,4.541391941391935,0.4835164835164835,26.454545454545453,2961.6955602536996,491.1363636363636,73949.23678646937,6.590909090909091,73949.23678646937,39.757565821863935,73949.23678646937,4.0,15.0,25.0,26.0,8.0,10.0,0
39,223073,27940,415.4979014333333,1.2253968253968257,0.42857142857142855,14.717948717948717,379.5762483130904,393.4871794871795,53170.94062078272,1.9230769230769231,53170.94062078272,25.548136900587362,53170.94062078272,2.0,8.0,29.0,13.0,26.0,0.0,0
50,450493,38855,793.6261455541668,1.9169719169719204,0.5494505494505495,9.08,45.2995918367347,383.34,28747.29020408164,2.5,28747.29020408164,37.889124975095726,28747.29020408164,5.0,18.0,27.0,22.0,18.0,10.0,0
48,232750,38648,532.6641569,3.2520146520146573,0.5274725274725275,10.416666666666666,141.14184397163123,100.08333333333333,6709.950354609929,3.3333333333333335,6709.950354609929,19.98501261780249,6709.950354609929,1.0,6.0,41.0,43.0,0.0,5.0,0
50,329133,47468,645.6582302416667,3.250305250305259,0.5494505494505495,13.0,2949.102040816326,143.78,9754.868979591836,2.34,9754.868979591836,21.721821879559034,9754.868979591836,5.0,4.0,41.0,26.0,20.0,4.0,0
28,222239,25710,415.79064567083344,1.3042735042735056,0.3076923076923077,6.785714285714286,23.359788359788354,207.5,13879.22222222222,2.0714285714285716,13879.22222222222,27.582375570802316,13879.22222222222,4.0,3.0,21.0,18.0,2.0,8.0,0
52,499888,48280,747.5038910374998,1.3142857142857132,0.5714285714285714,29.076923076923077,12289.562594268471,417.9807692307692,49304.881975867254,6.153846153846154,49304.881975867254,33.52731563942593,49304.881975867254,8.0,12.0,32.0,18.0,34.0,0.0,0
31,191647,24040,393.17057738749986,2.8937728937728844,0.34065934065934067,8.096774193548388,38.8236559139785,282.0,11121.200000000003,2.774193548387097,11121.200000000003,27.02438564477683,11121.200000000003,2.0,3.0,26.0,17.0,3.0,11.0,0
31,204452,26039,394.488333425,2.2271062271062267,0.34065934065934067,11.064516129032258,173.79569892473117,184.41935483870967,15577.384946236562,2.032258064516129,15577.384946236562,24.73400058110663,15577.384946236562,2.0,7.0,22.0,20.0,7.0,4.0,0
55,477194,41631,921.6436286333336,3.0862026862026912,0.6043956043956044,10.672727272727272,306.9279461279461,246.29090909090908,33468.802693602694,3.418181818181818,33468.802693602694,30.91830999375717,33468.802693602694,7.0,6.0,42.0,16.0,0.0,39.0,0
178,896423,146156,2185.0843190916653,14.486935286935282,1.956043956043956,10.612359550561798,517.0070780168852,264.55056179775283,49971.435282168466,9.325842696629213,49971.435282168466,20.48786793668079,49971.435282168466,3.0,25.0,150.0,128.0,12.0,38.0,0
37,585984,35291,753.0396050625,0.8884004884004892,0.4065934065934066,10.864864864864865,44.731231231231234,451.7567567567568,99726.07807807806,-21.64864864864865,99726.07807807806,49.689931035792824,99726.07807807806,6.0,19.0,12.0,17.0,1.0,19.0,0
34,204830,32075,430.37991865000004,2.325518925518918,0.37362637362637363,12.941176470588236,136.96613190730835,251.58823529411765,24811.098039215693,7.0,24811.098039215693,20.333552336920967,24811.098039215693,2.0,3.0,29.0,4.0,30.0,0.0,0
171,995531,132248,2062.515709712499,13.107448107448107,1.879120879120879,10.836257309941521,265.5259717922255,185.4795321637427,26741.12163742689,2.245614035087719,26741.12163742689,23.92726037679786,26741.12163742689,9.0,25.0,137.0,71.0,3.0,97.0,0
33,246763,29440,485.45558907916666,1.967032967032969,0.3626373626373626,8.545454545454545,51.69318181818181,286.1212121212121,31961.734848484844,-11.121212121212121,31961.734848484844,27.58166666573719,31961.734848484844,2.0,9.0,22.0,2.0,31.0,0.0,0
22,119580,20036,255.40454223333327,2.6520146520146475,0.24175824175824176,10.636363636363637,57.19480519480519,132.77272727272728,12657.707792207793,2.227272727272727,12657.707792207793,19.01375660644738,12657.707792207793,1.0,2.0,19.0,13.0,7.0,2.0,0
39,284227,28616,530.5364555125,2.3365079365079344,0.42857142857142855,8.128205128205128,18.114709851551957,381.4102564102564,79673.56410256408,0.7435897435897436,79673.56410256408,31.376868663588574,79673.56410256408,3.0,8.0,28.0,21.0,9.0,9.0,0
62,646462,57779,1115.1606728000004,2.4417582417582415,0.6813186813186813,8.112903225806452,123.83950290851402,413.03225806451616,37854.818614489704,2.8548387096774195,37854.818614489704,35.00922969633053,37854.818614489704,8.0,20.0,34.0,14.0,48.0,0.0,0
51,350961,42562,633.4755917541668,4.62686202686203,0.5604395604395604,7.0588235294117645,65.89647058823529,392.0,128762.6,1.803921568627451,128762.6,25.263780429441823,128762.6,2.0,8.0,41.0,15.0,30.0,6.0,0
43,260593,36372,516.7315851666667,2.163125763125768,0.4725274725274725,17.953488372093023,4089.7120708748607,263.09302325581393,32430.65780730897,2.0930232558139537,32430.65780730897,21.918504409053696,32430.65780730897,3.0,3.0,37.0,0.0,41.0,2.0,0
59,552174,52071,862.5945866125002,4.0527472527472685,0.6483516483516484,11.525423728813559,231.8398597311514,350.59322033898303,43721.4178842782,1.0,43721.4178842782,29.46359800171252,43721.4178842782,6.0,5.0,48.0,35.0,12.0,12.0,0
28,183790,26865,456.34119756249993,1.7042735042735058,0.3076923076923077,11.178571428571429,311.41137566137553,347.2857142857143,61015.693121693126,4.071428571428571,61015.693121693126,21.957620101160586,61015.693121693126,2.0,5.0,21.0,19.0,9.0,0.0,0
31,212648,34477,462.12906777083344,2.6937728937728935,0.34065934065934067,34.806451612903224,18346.76129032258,409.35483870967744,93921.43655913978,2.2580645161290325,93921.43655913978,20.74476820550161,93921.43655913978,2.0,4.0,25.0,20.0,8.0,3.0,0
29,250280,24394,411.08113426666665,1.9528693528693464,0.31868131868131866,11.310344827586206,85.65024630541872,211.24137931034483,8269.689655172413,2.1379310344827585,8269.689655172413,30.611205739266612,8269.689655172413,3.0,5.0,21.0,11.0,11.0,7.0,0
53,509151,48976,755.0683239708331,2.7570207570207583,0.5824175824175825,11.245283018867925,113.49637155297532,501.22641509433964,96585.3708272859,2.339622641509434,96585.3708272859,34.04369665865452,96585.3708272859,6.0,15.0,32.0,34.0,19.0,0.0,0
16,141065,16306,258.19287635000006,0.34652014652014607,0.17582417582417584,13.75,155.0,409.0625,68820.32916666665,3.0625,68820.32916666665,30.17025786834063,68820.32916666665,3.0,1.0,12.0,4.0,10.0,2.0,0
142,880231,122170,1740.4798209458331,4.449084249084248,1.5604395604395604,14.774647887323944,1399.8353810808114,275.9788732394366,28783.93572070723,9.654929577464788,28783.93572070723,22.106814106561437,28783.93572070723,9.0,20.0,113.0,62.0,58.0,22.0,0
35,234085,30828,421.7129708583332,6.928205128205093,0.38461538461538464,8.4,202.07058823529417,259.8,22283.047058823522,2.8857142857142857,22283.047058823522,22.91102432880406,22283.047058823522,5.0,2.0,28.0,13.0,22.0,0.0,0
40,257689,31629,498.69525773333334,1.204639804639803,0.43956043956043955,14.4,301.5282051282051,368.25,77287.47435897436,3.3,77287.47435897436,27.75473125244174,77287.47435897436,2.0,11.0,27.0,20.0,20.0,0.0,0
44,272554,39572,553.3453306166666,4.408058608058596,0.4835164835164835,15.909090909090908,890.0380549682872,253.3409090909091,31988.36945031713,1.75,31988.36945031713,22.82092954492139,31988.36945031713,3.0,5.0,36.0,11.0,31.0,2.0,0
44,385243,36501,626.0430262666666,3.6747252747252777,0.4835164835164835,16.227272727272727,1282.505285412262,368.45454545454544,66874.3467230444,2.9545454545454546,66874.3467230444,32.302381915603625,66874.3467230444,6.0,8.0,30.0,9.0,17.0,18.0,0
19,117432,14582,222.10817430416662,0.8781440781440749,0.2087912087912088,9.31578947368421,31.33918128654971,382.57894736842104,32206.923976608185,4.421052631578948,32206.923976608185,24.388162923639012,32206.923976608185,1.0,2.0,16.0,9.0,6.0,4.0,0
63,746645,66166,1534.158432516667,2.415384615384617,0.6923076923076923,14.666666666666666,357.22580645161287,374.41269841269843,77711.40757808497,0.746031746031746,77711.40757808497,32.36523936976709,77711.40757808497,6.0,18.0,39.0,25.0,2.0,36.0,0
34,235442,27387,396.91920155,2.1699633699633645,0.37362637362637363,16.323529411764707,319.861853832442,372.11764705882354,56396.22816399286,1.588235294117647,56396.22816399286,28.195252861601116,56396.22816399286,0.0,12.0,22.0,14.0,15.0,5.0,0
28,162559,29180,410.7232607458334,0.7264957264957255,0.3076923076923077,10.857142857142858,62.2010582010582,346.89285714285717,39626.9880952381,-7.357142857142857,39626.9880952381,19.486415608104103,39626.9880952381,1.0,4.0,23.0,9.0,19.0,0.0,0
37,189219,27245,409.20277615416666,1.6661782661782683,0.4065934065934066,11.64864864864865,284.1231231231231,262.7027027027027,18685.325825825825,2.5675675675675675,18685.325825825825,22.898879034169887,18685.325825825825,1.0,5.0,31.0,15.0,9.0,13.0,0
29,289139,27665,503.1964211583333,1.1084249084249103,0.31868131868131866,18.93103448275862,1872.4950738916257,292.48275862068965,31055.18719211824,1.4137931034482758,31055.18719211824,30.527641199025297,31055.18719211824,6.0,2.0,21.0,15.0,6.0,8.0,0
39,240504,34772,457.5172677208334,1.6253968253968187,0.42857142857142855,6.384615384615385,31.295546558704455,245.6153846153846,23747.24291497975,2.948717948717949,23747.24291497975,23.66591289384093,23747.24291497975,2.0,8.0,29.0,19.0,18.0,2.0,0
23,146423,18926,296.23644257916663,1.0576312576312543,0.25274725274725274,8.652173913043478,107.4189723320158,349.9130434782609,11715.4466403162,0.30434782608695654,11715.4466403162,26.561705711228136,11715.4466403162,0.0,6.0,17.0,5.0,18.0,0.0,0
73,542538,54179,1003.2170402166666,4.627106227106235,0.8021978021978022,13.753424657534246,1118.9939117199392,343.1917808219178,110248.8238203957,4.438356164383562,110248.8238203957,33.858871590530576,110248.8238203957,3.0,22.0,48.0,16.0,24.0,33.0,0
38,198799,28843,447.0161804958333,2.357020757020763,0.4175824175824176,19.026315789473685,2406.8371266002846,181.1578947368421,4837.812233285918,1.9736842105263157,4837.812233285918,23.098146532492354,4837.812233285918,1.0,4.0,33.0,33.0,0.0,5.0,0
40,282442,29785,493.9391241416668,1.8713064713064764,0.43956043956043955,26.325,6971.19935897436,306.65,37601.92564102564,2.2,37601.92564102564,28.667120403324986,37601.92564102564,3.0,7.0,30.0,22.0,10.0,8.0,0
3,9895,1712,25.6870869,0.0322344322344321,0.03296703296703297,13.0,223.0,275.3333333333333,22254.333333333336,3.6666666666666665,22254.333333333336,14.337708553795538,22254.333333333336,0.0,0.0,3.0,3.0,0.0,0.0,0
56,419832,47459,714.9866387583332,4.12820512820514,0.6153846153846154,7.553571428571429,63.23344155844157,260.3818181818182,28328.35151515152,-2.1454545454545455,28328.35151515152,27.639781403606104,28328.35151515152,5.0,10.0,41.0,12.0,44.0,0.0,0
83,805526,72387,1196.0441416583333,5.369963369963374,0.9120879120879121,10.25301204819277,378.6547164266824,421.31325301204816,80490.77872465471,-16.03614457831325,80490.77872465471,37.60133832472299,80490.77872465471,11.0,28.0,44.0,26.0,43.0,14.0,0
39,332667,32370,543.0452480125001,3.558730158730166,0.42857142857142855,8.897435897435898,114.30499325236168,259.1025641025641,20829.41025641026,-6.17948717948718,20829.41025641026,30.94158689673266,20829.41025641026,5.0,5.0,29.0,25.0,10.0,4.0,0
183,982556,175036,2429.349712316666,5.21098901098901,2.010989010989011,10.295081967213115,276.2421185372002,230.66120218579235,30067.36810184351,0.16393442622950818,30067.36810184351,18.83964622493976,30067.36810184351,7.0,17.0,159.0,160.0,17.0,6.0,0
36,174352,26131,360.33263851666663,3.9973137973137844,0.3956043956043956,7.138888888888889,94.58015873015877,248.86111111111111,12037.094444444445,3.0,12037.094444444445,22.375827565387098,12037.094444444445,2.0,2.0,32.0,1.0,35.0,0.0,0
47,345443,42568,697.5795196999999,3.052503052503057,0.5164835164835165,13.72340425531915,464.6827012025903,313.29787234042556,85346.86586493989,2.25531914893617,85346.86586493989,26.476893735525152,85346.86586493989,5.0,6.0,36.0,20.0,22.0,5.0,0
3,24072,1751,36.056519729166666,0.05445665445665446,0.03296703296703297,19.0,547.0,186.66666666666666,22597.333333333332,23.0,22597.333333333332,39.63347643179482,22597.333333333332,0.0,1.0,2.0,0.0,3.0,0.0,0
43,493463,34600,669.5115399708334,0.8964590964590957,0.4725274725274725,15.790697674418604,364.16943521594686,285.0232558139535,27754.785160575855,3.7906976744186047,27754.785160575855,41.83855598621306,27754.785160575855,9.0,8.0,26.0,33.0,0.0,10.0,0
29,239936,23353,447.52255832916643,1.9084249084249076,0.31868131868131866,12.310344827586206,297.3645320197044,322.48275862068965,35929.6157635468,29.517241379310345,35929.6157635468,31.446215969413366,35929.6157635468,4.0,6.0,19.0,23.0,0.0,6.0,0
47,210504,32183,482.8687004791666,5.141391941391951,0.5164835164835165,11.574468085106384,162.81498612395927,257.0851063829787,21933.51433857539,2.3404255319148937,21933.51433857539,22.97400065850264,21933.51433857539,1.0,5.0,41.0,17.0,16.0,14.0,0
33,175714,25518,360.40608425833324,2.811477411477419,0.3626373626373626,7.03030303030303,41.34280303030303,133.75757575757575,5646.439393939393,1.9696969696969697,5646.439393939393,20.656454125243012,5646.439393939393,1.0,1.0,31.0,12.0,8.0,13.0,0
35,327165,31707,544.7976498124999,1.972649572649568,0.38461538461538464,10.82857142857143,132.67563025210083,361.42857142857144,42655.0168067227,-4.9714285714285715,42655.0168067227,32.59395481670941,42655.0168067227,5.0,11.0,19.0,2.0,30.0,3.0,0
54,451231,42522,715.9510885291666,3.977289377289371,0.5934065934065934,12.666666666666666,601.2075471698113,317.31481481481484,50935.84241788958,3.611111111111111,50935.84241788958,30.572347511725585,50935.84241788958,6.0,10.0,38.0,18.0,25.0,11.0,0
42,190570,30228,453.48841131666666,2.4735042735042803,0.46153846153846156,10.333333333333334,165.15447154471542,230.57142857142858,27213.71428571428,3.642857142857143,27213.71428571428,21.602338718743514,27213.71428571428,0.0,5.0,37.0,21.0,0.0,21.0,0
53,465611,38178,749.0105490583335,2.512576312576314,0.5824175824175825,14.924528301886792,454.3788098693757,378.9056603773585,88683.9716981132,1.7169811320754718,88683.9716981132,39.18188572407941,88683.9716981132,4.0,18.0,31.0,14.0,6.0,33.0,0
56,417265,57980,875.958448975,2.8393162393162354,0.6153846153846154,11.142857142857142,163.2519480519481,233.14285714285714,33354.306493506505,7.25,33354.306493506505,22.88246845059535,33354.306493506505,3.0,11.0,42.0,34.0,12.0,10.0,0
34,261657,26760,454.7137617749999,1.0144078144078135,0.37362637362637363,6.852941176470588,37.40196078431372,221.26470588235293,16362.564171122995,2.411764705882353,16362.564171122995,27.464431334602086,16362.564171122995,2.0,2.0,30.0,17.0,0.0,17.0,0
44,319747,32275,570.401264070833,2.3858363858363894,0.4835164835164835,10.045454545454545,133.85835095137426,242.45454545454547,23356.021141649053,1.9545454545454546,23356.021141649053,31.711973636870315,23356.021141649053,4.0,7.0,33.0,16.0,16.0,12.0,0
56,356765,51647,730.5241428458331,3.1948717948718044,0.6153846153846154,7.214285714285714,52.86233766233767,184.69642857142858,11112.687987012987,-6.803571428571429,11112.687987012987,22.40505837153622,11112.687987012987,3.0,7.0,46.0,23.0,33.0,0.0,0
30,176906,26964,380.7730902958333,1.6012210012209995,0.32967032967032966,6.366666666666666,33.96436781609195,225.76666666666668,19096.254022988505,2.033333333333333,19096.254022988505,21.189346957375104,19096.254022988505,2.0,2.0,26.0,0.0,30.0,0.0,0
29,209141,18268,363.5519859166667,1.6639804639804605,0.31868131868131866,8.758620689655173,69.97536945812809,268.7931034482759,55677.52709359606,1.896551724137931,55677.52709359606,36.523190215841225,55677.52709359606,3.0,3.0,23.0,0.0,0.0,29.0,0
61,504606,58012,899.4638008041666,4.956776556776555,0.6703296703296703,12.655737704918034,273.996174863388,213.0655737704918,16300.695628415298,13.081967213114755,16300.695628415298,28.25643600049229,16300.695628415298,4.0,15.0,42.0,20.0,19.0,22.0,0
58,490180,60645,862.1919334875001,6.811477411477385,0.6373626373626373,8.068965517241379,91.78463399879007,287.8103448275862,58912.647610405336,1.793103448275862,58912.647610405336,28.572227792858243,58912.647610405336,7.0,9.0,42.0,9.0,25.0,24.0,0
60,655000,52254,968.2945786583332,2.5159951159951124,0.6593406593406593,16.4,991.6000000000003,442.6,102345.3966101695,6.95,102345.3966101695,39.212522973183134,102345.3966101695,10.0,15.0,35.0,2.0,19.0,39.0,0
39,310834,34049,611.5028398291666,1.380952380952381,0.42857142857142855,9.974358974358974,102.92037786774628,348.97435897435895,64546.44669365721,2.4615384615384617,64546.44669365721,30.459027302145522,64546.44669365721,3.0,10.0,26.0,22.0,14.0,3.0,0
62,721384,55652,961.2536063416665,1.7528693528693529,0.6813186813186813,7.306451612903226,100.21602326811212,293.69354838709677,31529.33077736648,2.2580645161290325,31529.33077736648,36.41503369958602,31529.33077736648,12.0,8.0,42.0,0.0,60.0,2.0,0
32,315837,35510,489.9454043458332,1.3638583638583608,0.3516483516483517,6.90625,34.15221774193548,277.53125,35842.515120967735,4.15625,35842.515120967735,28.154835641146743,35842.515120967735,4.0,9.0,19.0,16.0,15.0,1.0,0
24,120886,21184,283.26880215833336,0.8407814407814421,0.26373626373626374,7.166666666666667,27.18840579710145,198.45833333333334,21918.954710144924,2.5416666666666665,21918.954710144924,20.33296598241871,21918.954710144924,0.0,1.0,23.0,23.0,1.0,0.0,0
31,121933,24379,326.61408649166674,2.538217338217338,0.34065934065934067,12.32258064516129,160.6924731182795,208.96774193548387,17262.832258064514,13.096774193548388,17262.832258064514,17.795893972045416,17262.832258064514,0.0,2.0,29.0,11.0,9.0,11.0,0
43,565429,41767,739.0530709333334,2.0297924297924386,0.4725274725274725,14.604651162790697,1541.2923588039864,410.8139534883721,49594.58361018825,-1.069767441860465,49594.58361018825,38.01068218275123,49594.58361018825,10.0,8.0,25.0,6.0,37.0,0.0,0
44,461986,43093,675.5422062458332,1.4525030525030518,0.4835164835164835,11.136363636363637,123.65539112050737,449.5681818181818,67417.04175475686,5.613636363636363,67417.04175475686,30.77163066928348,67417.04175475686,7.0,8.0,29.0,41.0,3.0,0.0,0
60,356632,51366,725.700414225,4.915995115995113,0.6593406593406593,13.0,896.0338983050848,226.96666666666667,22759.490395480214,4.633333333333334,22759.490395480214,24.15539609260205,22759.490395480214,2.0,8.0,50.0,35.0,23.0,2.0,0
145,1054805,123887,1899.9155875208337,7.7550671550671675,1.5934065934065933,12.524137931034483,414.417816091954,255.9241379310345,53349.3622605364,4.006896551724138,53349.3622605364,26.14432440409544,53349.3622605364,16.0,17.0,112.0,81.0,32.0,32.0,0
36,358386,32676,520.2528316833334,2.3084249084249,0.3956043956043956,13.055555555555555,386.6253968253968,441.8888888888889,71440.44444444445,-1.3888888888888888,71440.44444444445,36.75655066704874,71440.44444444445,4.0,13.0,19.0,14.0,16.0,6.0,0
55,695273,60218,929.4378455374999,1.1306471306471328,0.6043956043956044,16.327272727272728,1256.4464646464646,396.5272727272727,45146.99461279462,2.0727272727272728,45146.99461279462,35.20327231265629,45146.99461279462,11.0,14.0,30.0,14.0,38.0,3.0,0
37,295388,27878,482.5979220833332,2.866178266178265,0.4065934065934066,8.08108108108108,66.1876876876877,187.48648648648648,17130.42342342342,2.108108108108108,17130.42342342342,35.079521672866825,17130.42342342342,3.0,12.0,22.0,4.0,0.0,33.0,0
38,246642,38658,510.82347467499994,2.2236874236874327,0.4175824175824176,7.078947368421052,43.588193456614526,194.05263157894737,11274.375533428165,1.8421052631578947,11274.375533428165,21.562776311696506,11274.375533428165,2.0,6.0,30.0,18.0,20.0,0.0,0
40,261529,30458,467.40692433333334,3.293528693528696,0.43956043956043955,8.875,73.29166666666664,243.875,24255.394230769234,1.775,24255.394230769234,24.96865082790688,24255.394230769234,2.0,6.0,32.0,16.0,5.0,19.0,0
42,573207,43528,764.2255396333333,2.651282051282054,0.46153846153846156,13.80952380952381,158.98722415795586,625.8571428571429,86752.75958188152,-2.380952380952381,86752.75958188152,36.22355596325123,86752.75958188152,8.0,6.0,28.0,26.0,15.0,1.0,0
43,601813,47104,819.3415272416664,1.5186813186813193,0.4725274725274725,18.790697674418606,1933.169435215946,365.5813953488372,25229.582502768557,5.3023255813953485,25229.582502768557,42.13941217764658,25229.582502768557,12.0,11.0,20.0,10.0,26.0,7.0,0
47,494406,48308,726.8271890291664,3.1636141636141644,0.5164835164835165,9.638297872340425,124.32284921369106,370.0851063829787,159530.47086031453,9.106382978723405,159530.47086031453,30.060115885858504,159530.47086031453,6.0,12.0,29.0,10.0,31.0,6.0,0
191,819059,151692,2248.8559591291664,9.445665445665448,2.098901098901099,10.769633507853403,488.58875723339725,192.0366492146597,16133.109176081565,6.722513089005235,16133.109176081565,19.065156311196162,16133.109176081565,0.0,20.0,171.0,120.0,54.0,17.0,0
43,641947,47504,821.1704357750002,1.629792429792435,0.4725274725274725,17.976744186046513,1031.4042081949058,504.0,118250.04761904762,-3.6744186046511627,118250.04761904762,41.36955745226862,118250.04761904762,8.0,12.0,23.0,14.0,20.0,9.0,0
34,142319,26899,358.8237903416667,3.1699633699633796,0.37362637362637363,8.235294117647058,70.67023172905526,173.26470588235293,8983.715686274507,2.323529411764706,8983.715686274507,17.141730935843963,8983.715686274507,1.0,2.0,31.0,3.0,23.0,8.0,0
195,1097902,166083,2558.9284160125007,18.012698412698416,2.142857142857143,11.189743589743589,878.804017975152,171.00512820512822,18434.953581813366,11.774358974358975,18434.953581813366,21.617008389050337,18434.953581813366,10.0,17.0,168.0,96.0,65.0,34.0,0
55,398679,48564,725.7801537249999,4.0195360195360355,0.6043956043956044,13.50909090909091,245.18047138047135,397.8181818181818,119081.89225589222,3.1272727272727274,119081.89225589222,27.42333902649524,119081.89225589222,2.0,19.0,34.0,14.0,22.0,19.0,0
38,211148,29637,480.1755721666667,2.0236874236874325,0.4175824175824176,8.894736842105264,54.421052631578945,245.0,22736.59459459459,9.973684210526315,22736.59459459459,25.24172807398216,22736.59459459459,1.0,9.0,28.0,12.0,15.0,11.0,0
54,573320,52012,849.9014819500001,5.577289377289366,0.5934065934065934,7.907407407407407,111.36862334032145,497.0,44522.56603773583,3.462962962962963,44522.56603773583,37.64499716373264,44522.56603773583,7.0,20.0,27.0,28.0,25.0,1.0,0
47,334815,40521,588.35223475,1.6969474969475045,0.5164835164835165,6.9787234042553195,56.934320074005534,284.0851063829787,26487.47086031452,2.1914893617021276,26487.47086031452,26.944559639205423,26487.47086031452,3.0,7.0,37.0,20.0,23.0,4.0,0
45,201393,35098,503.40107302916664,3.1860805860805845,0.4945054945054945,5.4222222222222225,2.794949494949496,177.55555555555554,16146.025252525247,17.022222222222222,16146.025252525247,19.79582977224648,16146.025252525247,1.0,5.0,39.0,8.0,37.0,0.0,0
36,236316,25649,522.7639730708333,1.86398046398046,0.3956043956043956,10.805555555555555,116.56111111111113,258.30555555555554,14100.21825396825,2.0277777777777777,14100.21825396825,28.170516751096926,14100.21825396825,3.0,5.0,28.0,6.0,7.0,23.0,0
46,287243,32458,576.9701087166667,3.1194139194139123,0.5054945054945055,11.434782608695652,267.7623188405797,291.4347826086956,48760.34009661834,-5.086956521739131,48760.34009661834,24.689489971958675,48760.34009661834,3.0,4.0,39.0,11.0,23.0,12.0,0
53,252771,42780,628.8165771208335,3.579242979242973,0.5824175824175825,8.39622641509434,53.97460087082727,168.64150943396226,7503.157474600874,1.9056603773584906,7503.157474600874,19.955695365536176,7503.157474600874,1.0,3.0,49.0,44.0,7.0,2.0,0
29,163361,21945,339.93327886666674,1.4417582417582417,0.31868131868131866,6.379310344827586,10.458128078817735,234.51724137931035,20262.187192118225,2.310344827586207,20262.187192118225,25.10670993924514,20262.187192118225,1.0,5.0,23.0,17.0,4.0,8.0,0
39,219078,33857,460.9544337333333,1.4920634920634916,0.42857142857142855,7.0,65.36842105263158,214.3846153846154,12373.506072874494,10.820512820512821,12373.506072874494,23.02349534913041,12373.506072874494,0.0,8.0,31.0,30.0,4.0,5.0,0
64,517834,57781,923.6877383125001,4.85543345543345,0.7032967032967034,12.265625,548.769593253968,271.21875,42846.20535714287,2.046875,42846.20535714287,28.930541669366143,42846.20535714287,7.0,17.0,40.0,29.0,35.0,0.0,0
58,704964,52448,933.2208107041665,4.1225885225885355,0.6373626373626373,6.896551724137931,90.23472474289171,322.36206896551727,44546.585904416206,-0.5689655172413793,44546.585904416206,38.75208189186939,44546.585904416206,10.0,11.0,37.0,24.0,30.0,4.0,0
39,218054,27795,416.40457243333344,6.692063492063455,0.42857142857142855,6.0,45.89473684210526,123.7948717948718,5581.74628879892,2.5641025641025643,5581.74628879892,25.063390686948107,5581.74628879892,2.0,5.0,32.0,20.0,2.0,17.0,0
41,218385,29728,453.30897692916665,2.6503052503052493,0.45054945054945056,10.975609756097562,154.02439024390245,308.6829268292683,40897.02195121952,1.975609756097561,40897.02195121952,23.366681960686435,40897.02195121952,1.0,7.0,33.0,11.0,18.0,12.0,0
33,140826,21082,380.8304095708333,0.7003663003663015,0.3626373626373626,9.575757575757576,62.18939393939392,143.45454545454547,6932.880681818182,4.515151515151516,6932.880681818182,23.79439795792242,6932.880681818182,0.0,2.0,31.0,19.0,1.0,13.0,0
67,868698,66050,1168.8843280375002,2.085225885225878,0.7362637362637363,11.805970149253731,185.70420624151967,411.7910447761194,40847.89507010402,4.014925373134329,40847.89507010402,40.790532018268344,40847.89507010402,12.0,19.0,36.0,26.0,41.0,0.0,0
25,122171,20414,290.4434505625,3.001465201465203,0.27472527472527475,5.88,5.859999999999999,202.68,13466.22666666667,2.28,13466.22666666667,17.919551786771855,13466.22666666667,1.0,1.0,23.0,4.0,8.0,13.0,0
29,141376,21960,376.50550503750003,1.0195360195360224,0.31868131868131866,8.862068965517242,78.76600985221675,174.6206896551724,5573.24384236453,2.4482758620689653,5573.24384236453,20.80585411943423,5573.24384236453,1.0,2.0,26.0,3.0,26.0,0.0,0
33,201126,26145,381.94856937916666,2.0559218559218575,0.3626373626373626,23.96969696969697,3887.4053030303025,356.6666666666667,99006.60416666663,3.393939393939394,99006.60416666663,27.479312649528726,99006.60416666663,1.0,6.0,26.0,23.0,10.0,0.0,0
44,322477,37453,565.9384722124998,2.5413919413919404,0.4835164835164835,19.045454545454547,6769.1606765327715,334.8863636363636,41246.24260042284,0.11363636363636363,41246.24260042284,28.960146381961945,41246.24260042284,5.0,6.0,33.0,12.0,31.0,1.0,0
39,228808,26983,423.78089825000006,1.5587301587301488,0.42857142857142855,13.846153846153847,393.5546558704453,335.46153846153845,71247.51821862347,1.7435897435897436,71247.51821862347,29.26629667469263,71247.51821862347,1.0,9.0,29.0,9.0,4.0,26.0,0
60,487078,43182,779.2650757166664,2.427106227106226,0.6593406593406593,17.566666666666666,1275.2327683615815,321.18333333333334,105683.10141242936,-28.55,105683.10141242936,22.75783312548634,105683.10141242936,7.0,11.0,42.0,29.0,25.0,6.0,0
35,330825,35548,558.7829962124999,1.3282051282051317,0.38461538461538464,17.97142857142857,899.6756302521004,279.57142857142856,32400.546218487394,3.5142857142857142,32400.546218487394,28.45310851039142,32400.546218487394,5.0,8.0,22.0,9.0,25.0,1.0,0
50,381343,41543,672.9143932666667,1.6947496947496998,0.5494505494505495,14.04,277.18204081632643,292.26,27981.339183673463,2.1,27981.339183673463,29.638569805329315,27981.339183673463,4.0,14.0,32.0,8.0,28.0,14.0,0
42,220895,34522,555.6417145041667,4.140170940170941,0.46153846153846156,11.0,228.390243902439,225.4047619047619,44591.90534262486,10.595238095238095,44591.90534262486,22.116229297910756,44591.90534262486,2.0,5.0,35.0,19.0,16.0,7.0,0
47,266192,43022,592.3098257541666,2.5191697191697244,0.5164835164835165,6.0638297872340425,29.843663274745612,216.9787234042553,10608.847363552266,3.0,10608.847363552266,20.81288940394895,10608.847363552266,3.0,5.0,39.0,37.0,10.0,0.0,0
59,377569,56674,802.0461628624997,4.4305250305250485,0.6483516483516484,12.271186440677965,766.4424313267097,183.57627118644066,10937.386323787257,1.694915254237288,10937.386323787257,20.85703241370525,10937.386323787257,3.0,7.0,49.0,32.0,27.0,0.0,0
42,272004,37652,541.9127594583333,3.5846153846153905,0.46153846153846156,10.261904761904763,440.39314750290356,199.9047619047619,23816.722415795586,2.4523809523809526,23816.722415795586,24.007734133203975,23816.722415795586,2.0,9.0,31.0,26.0,3.0,13.0,0
70,784417,63009,1292.0154767749996,5.579487179487193,0.7692307692307693,10.342857142857143,175.21407867494824,423.87142857142857,60553.15714285713,2.4,60553.15714285713,37.508003861418075,60553.15714285713,14.0,19.0,37.0,30.0,15.0,25.0,0
46,402761,37593,828.9945673291666,5.1860805860805765,0.5054945054945055,9.391304347826088,78.19903381642509,389.7173913043478,73717.18502415458,1.9782608695652173,73717.18502415458,33.204466770200035,73717.18502415458,4.0,9.0,33.0,14.0,0.0,32.0,0
45,418475,39657,790.5419500916665,4.497191697191708,0.4945054945054945,10.666666666666666,71.90909090909089,301.6666666666667,31546.81818181819,1.3111111111111111,31546.81818181819,30.361825851794826,31546.81818181819,9.0,5.0,31.0,3.0,21.0,21.0,0
39,176676,28027,440.0364822916667,3.092063492063499,0.42857142857142855,7.487179487179487,41.361673414304995,195.35897435897436,12352.815114709852,-23.666666666666668,12352.815114709852,20.520834299753716,12352.815114709852,1.0,4.0,34.0,17.0,15.0,7.0,0
26,214422,20272,419.6791456208333,1.8730158730158772,0.2857142857142857,10.346153846153847,44.55538461538461,350.7307692307692,34855.64461538461,1.8461538461538463,34855.64461538461,29.29945341579823,34855.64461538461,2.0,4.0,20.0,8.0,18.0,0.0,0
60,521174,49562,833.9287545166668,2.1382173382173355,0.6593406593406593,9.033333333333333,51.69378531073446,245.8,23204.8406779661,1.75,23204.8406779661,30.641940717458613,23204.8406779661,9.0,7.0,44.0,27.0,5.0,28.0,0
42,231453,36903,541.3045213416666,2.940170940170943,0.46153846153846156,21.357142857142858,5131.5034843205585,305.0952380952381,26085.649245063883,-4.428571428571429,26085.649245063883,22.152829672540843,26085.649245063883,3.0,2.0,37.0,21.0,20.0,1.0,0
40,214424,32480,455.68834219166666,2.6935286935286995,0.43956043956043955,6.4,6.861538461538459,195.15,13764.387179487176,0.05,13764.387179487176,22.182627868806666,13764.387179487176,1.0,5.0,34.0,36.0,0.0,4.0,0
50,271671,42928,638.7582097208334,2.6058608058608086,0.5494505494505495,9.38,38.526122448979585,312.94,32502.751428571424,3.56,32502.751428571424,20.73658168015855,32502.751428571424,3.0,4.0,43.0,28.0,10.0,12.0,0
46,534149,44518,814.2007953666669,1.8305250305250336,0.5054945054945055,15.434782608695652,527.2734299516908,553.2826086956521,84517.8072463768,-12.869565217391305,84517.8072463768,34.01875212248918,84517.8072463768,5.0,11.0,30.0,12.0,28.0,6.0,0
42,207081,28076,485.42676165,2.473504273504277,0.46153846153846156,6.714285714285714,38.45296167247386,178.4047619047619,8900.344367015101,2.142857142857143,8900.344367015101,23.487338848723326,8900.344367015101,1.0,4.0,37.0,32.0,0.0,10.0,0
44,413985,34610,622.9171765958334,2.008058608058609,0.4835164835164835,15.886363636363637,457.0798097251586,384.90909090909093,71864.73572938688,-10.0,71864.73572938688,34.196271999361585,71864.73572938688,6.0,8.0,30.0,17.0,2.0,25.0,0
44,286843,33907,519.5690874791667,1.7413919413919423,0.4835164835164835,8.5,35.04651162790697,304.20454545454544,26081.282769556023,6.068181818181818,26081.282769556023,27.11291474929428,26081.282769556023,2.0,10.0,32.0,9.0,35.0,0.0,0
209,1115822,169015,2661.2601691833333,21.52210012210014,2.2967032967032965,14.712918660287082,1421.3691111520077,220.58851674641147,21182.733713654776,1.9043062200956937,21182.733713654776,22.007964277909426,21182.733713654776,10.0,16.0,183.0,112.0,38.0,59.0,0
37,183148,27807,415.28173074999995,5.1772893772893545,0.4065934065934066,13.864864864864865,136.17567567567565,238.24324324324326,16058.466966966962,2.2972972972972974,16058.466966966962,21.178142142367275,16058.466966966962,0.0,5.0,32.0,21.0,13.0,3.0,0
28,192961,24213,339.0699911416667,1.0820512820512853,0.3076923076923077,14.785714285714286,481.5079365079365,223.0,22883.33333333333,-2.4285714285714284,22883.33333333333,25.658771949436527,22883.33333333333,2.0,7.0,19.0,10.0,6.0,12.0,0
37,415124,35523,622.0545014916665,2.1106227106227107,0.4065934065934066,15.486486486486486,330.3123123123124,294.6756756756757,36612.503003003,3.864864864864865,36612.503003003,35.89189795825125,36612.503003003,5.0,15.0,17.0,16.0,4.0,17.0,0
33,365851,33030,532.1429211458333,1.0336996336996316,0.3626373626373626,10.212121212121213,226.42234848484844,377.3939393939394,179036.62121212122,1.7272727272727273,179036.62121212122,35.41725655568616,179036.62121212122,6.0,8.0,19.0,1.0,4.0,28.0,0
51,415379,48500,756.3222042291665,4.3379731379731465,0.5604395604395604,9.03921568627451,85.55843137254902,167.35294117647058,17881.71294117647,-4.1568627450980395,17881.71294117647,25.680341379098515,17881.71294117647,3.0,14.0,34.0,8.0,19.0,24.0,0
34,239170,26488,433.7629388916665,1.8144078144078097,0.37362637362637363,9.588235294117647,138.97682709447417,217.38235294117646,12570.182709447414,1.7058823529411764,12570.182709447414,28.788869897117102,12570.182709447414,3.0,6.0,25.0,9.0,13.0,12.0,0
52,473120,39564,774.2486540333332,3.0476190476190514,0.5714285714285714,23.25,4520.191176470589,377.9807692307692,62420.92119155354,6.730769230769231,62420.92119155354,36.7147890998299,62420.92119155354,6.0,12.0,34.0,22.0,0.0,30.0,0
27,121496,18353,258.5933320125,3.966544566544548,0.2967032967032967,10.037037037037036,252.65242165242168,181.7037037037037,5840.524216524215,2.259259259259259,5840.524216524215,21.67811555741144,5840.524216524215,0.0,3.0,24.0,9.0,18.0,0.0,0
32,161287,21288,352.39358363333326,2.630525030525025,0.3516483516483517,28.28125,5199.11189516129,159.40625,15767.539314516127,2.5625,15767.539314516127,25.085060106346912,15767.539314516127,1.0,5.0,26.0,13.0,4.0,15.0,0
30,173165,28239,415.8111953999999,1.223443223443223,0.32967032967032966,16.133333333333333,2651.3609195402305,225.33333333333334,20404.57471264368,5.233333333333333,20404.57471264368,19.0237493132426,20404.57471264368,1.0,3.0,26.0,10.0,19.0,1.0,0
41,432048,38618,713.5230573708333,1.9836385836385833,0.45054945054945056,9.414634146341463,72.39878048780487,337.8780487804878,36568.65975609756,3.8780487804878048,36568.65975609756,32.31679043533247,36568.65975609756,4.0,8.0,29.0,15.0,12.0,14.0,0
36,229442,32265,452.3997344166667,1.7750915750915681,0.3956043956043956,10.25,85.67857142857144,220.19444444444446,13802.046825396827,1.5555555555555556,13802.046825396827,24.107980018006558,13802.046825396827,3.0,7.0,26.0,2.0,32.0,2.0,0
34,368591,32225,562.90128155,4.236630036630047,0.37362637362637363,12.176470588235293,235.90730837789658,308.38235294117646,50572.72816399287,-2.5,50572.72816399287,36.939496549319635,50572.72816399287,5.0,8.0,21.0,11.0,9.0,14.0,0
52,420831,41349,672.2884102375001,1.9587301587301655,0.5714285714285714,9.576923076923077,64.87631975867272,344.46153846153845,35858.723981900446,3.326923076923077,35858.723981900446,32.2765419125228,35858.723981900446,3.0,15.0,34.0,8.0,41.0,3.0,0
66,367781,59629,779.0956843750002,13.245909645909576,0.7252747252747253,9.863636363636363,367.6272727272726,195.21212121212122,13799.831235431231,2.0303030303030303,13799.831235431231,19.38321426654708,13799.831235431231,4.0,3.0,59.0,31.0,32.0,3.0,0
27,249233,21738,368.7211588583333,1.3221001221001207,0.2967032967032967,15.925925925925926,181.37891737891735,631.8888888888889,137363.64102564103,2.0,137363.64102564103,36.60071671935624,137363.64102564103,2.0,8.0,17.0,10.0,17.0,0.0,0
54,468815,54237,845.7007585833335,1.8217338217338257,0.5934065934065934,7.166666666666667,29.462264150943398,291.0740740740741,41259.84346610761,-5.074074074074074,41259.84346610761,28.109780443736806,41259.84346610761,6.0,10.0,38.0,30.0,24.0,0.0,0
53,392171,46802,709.2360719666666,3.912576312576298,0.5824175824175825,11.943396226415095,208.6313497822932,284.2830188679245,23355.860667634246,1.8679245283018868,23355.860667634246,29.072422580596307,23355.860667634246,5.0,10.0,38.0,14.0,33.0,6.0,0
41,227463,33305,550.0384396791666,3.4503052503052616,0.45054945054945056,9.512195121951219,89.95609756097558,207.53658536585365,15412.754878048785,2.268292682926829,15412.754878048785,22.12430374241093,15412.754878048785,3.0,2.0,36.0,23.0,17.0,1.0,0
43,289313,34350,505.22469577499993,2.452014652014656,0.4725274725274725,11.418604651162791,227.43964562569215,272.2093023255814,25327.836101882607,19.74418604651163,25327.836101882607,27.324880953163106,25327.836101882607,2.0,8.0,33.0,9.0,31.0,3.0,0
58,770307,68044,1146.5180440000004,2.9225885225885246,0.6373626373626373,12.741379310344827,224.7565033272837,370.58620689655174,50936.70296430729,0.3793103448275862,50936.70296430729,34.384672440185426,50936.70296430729,18.0,6.0,34.0,2.0,56.0,0.0,0
70,914530,69583,1244.9371527458336,3.3350427350427467,0.7692307692307693,12.257142857142858,1719.1792960662526,459.34285714285716,51641.04016563148,6.357142857142857,51641.04016563148,39.97661857582331,51641.04016563148,14.0,19.0,37.0,39.0,22.0,9.0,0
191,1011118,159688,2373.6528712708346,14.49010989010989,2.098901098901099,15.37696335078534,5054.688729677598,177.86910994764398,20569.451198677314,16.75392670157068,20569.451198677314,19.729184537715916,20569.451198677314,10.0,10.0,171.0,168.0,2.0,21.0,0
39,211667,31668,447.5385304083334,1.6920634920634847,0.42857142857142855,9.794871794871796,687.2726045883943,290.61538461538464,15577.137651821859,4.0,15577.137651821859,20.92514479127736,15577.137651821859,2.0,3.0,34.0,3.0,36.0,0.0,0
54,307318,49452,670.2907960166667,4.6884004884004815,0.5934065934065934,8.87037037037037,160.30363382250172,194.5,13840.443396226417,1.9259259259259258,13840.443396226417,21.141072846858286,13840.443396226417,2.0,10.0,42.0,19.0,34.0,1.0,0
34,229707,31676,429.2532732625,0.9699633699633694,0.37362637362637363,6.411764705882353,39.94652406417114,208.47058823529412,15592.135472370763,7.5,15592.135472370763,22.49132265170438,15592.135472370763,2.0,8.0,24.0,13.0,21.0,0.0,0
35,302085,36257,611.8922526041665,2.705982905982903,0.38461538461538464,11.8,742.6941176470588,210.22857142857143,25099.828571428574,2.857142857142857,25099.828571428574,28.16329563412542,25099.828571428574,3.0,11.0,21.0,21.0,9.0,5.0,0
28,135033,19484,317.44205100416656,1.3042735042735063,0.3076923076923077,9.821428571428571,88.52248677248679,267.0,39837.555555555555,3.892857142857143,39837.555555555555,23.863829415723377,39837.555555555555,0.0,5.0,23.0,2.0,17.0,9.0,0
53,306877,28503,571.4608019374999,3.3347985347985154,0.5824175824175825,10.377358490566039,110.58563134978229,331.0377358490566,23686.421625544266,1.6981132075471699,23686.421625544266,30.50325299906328,23686.421625544266,4.0,7.0,42.0,21.0,5.0,27.0,0
31,345161,32139,503.54223582916666,1.2048840048840048,0.34065934065934067,8.129032258064516,63.31612903225805,288.0,33529.666666666664,1.5806451612903225,33529.666666666664,30.887644227650792,33529.666666666664,6.0,5.0,20.0,5.0,20.0,6.0,0
31,250953,33731,431.17328350833327,1.0048840048840049,0.34065934065934067,16.129032258064516,2563.2494623655916,377.0,31171.000000000004,2.5161290322580645,31171.000000000004,26.067607709547996,31171.000000000004,1.0,10.0,20.0,30.0,1.0,0.0,0
27,229956,27701,381.75503725,0.8332112332112307,0.2967032967032967,15.037037037037036,608.1908831908831,326.962962962963,60364.575498575476,2.4444444444444446,60364.575498575476,27.016500448828015,60364.575498575476,3.0,6.0,18.0,8.0,18.0,1.0,0
29,125295,23158,346.28930527500006,1.4639804639804623,0.31868131868131866,10.379310344827585,203.45812807881774,208.68965517241378,9443.650246305418,2.0344827586206895,9443.650246305418,19.537275310112353,9443.650246305418,0.0,2.0,27.0,18.0,11.0,0.0,0
53,447444,38363,731.5711049000001,2.2236874236874247,0.5824175824175825,24.71698113207547,5521.822206095792,324.54716981132077,58591.560232220596,0.6792452830188679,58591.560232220596,34.11774131941068,58591.560232220596,5.0,7.0,41.0,13.0,22.0,18.0,0
54,371422,45616,717.373669875,3.3772893772893817,0.5934065934065934,11.814814814814815,247.32354996505933,319.537037037037,50403.83822501747,4.333333333333333,50403.83822501747,27.029608106338635,50403.83822501747,3.0,11.0,40.0,12.0,23.0,19.0,0
43,312233,40389,674.8588885999997,3.1631257631257674,0.4725274725274725,11.55813953488372,556.2524916943523,321.09302325581393,78927.56256921374,3.558139534883721,78927.56256921374,24.96895465448174,78927.56256921374,3.0,8.0,32.0,22.0,20.0,1.0,0
19,94657,14270,210.42930782500002,0.38925518925518915,0.2087912087912088,8.789473684210526,55.84210526315789,259.2105263157895,15935.508771929824,9.736842105263158,15935.508771929824,21.5987279042223,15935.508771929824,1.0,1.0,17.0,17.0,1.0,1.0,0
186,1015214,169249,2576.8111889750003,15.820268620268616,2.043956043956044,11.327956989247312,1932.3080790467889,216.61827956989248,30547.02647486195,16.49462365591398,30547.02647486195,20.2583435483455,30547.02647486195,9.0,14.0,163.0,110.0,55.0,21.0,0
48,305433,39120,598.1423774416666,4.452014652014656,0.5274725274725275,11.708333333333334,135.6152482269503,245.08333333333334,24603.482269503547,2.4583333333333335,24603.482269503547,25.351455162728058,24603.482269503547,4.0,5.0,39.0,22.0,22.0,4.0,0
93,618030,93975,1380.6229607916669,5.421733821733803,1.021978021978022,8.526881720430108,141.29546517064045,278.26881720430106,33085.69869097709,-1.3010752688172043,33085.69869097709,21.678030425471242,33085.69869097709,10.0,14.0,69.0,26.0,63.0,4.0,0
46,293753,32977,535.8507066875,4.097191697191689,0.5054945054945055,10.891304347826088,214.23236714975843,339.7391304347826,62886.0193236715,-20.956521739130434,62886.0193236715,27.55832612055128,62886.0193236715,5.0,6.0,35.0,24.0,18.0,4.0,0
39,312881,27601,546.3603069874999,3.0031746031746134,0.42857142857142855,7.435897435897436,85.41025641025642,186.30769230769232,5908.955465587045,1.8974358974358974,5908.955465587045,30.31893111567762,5908.955465587045,7.0,2.0,30.0,7.0,15.0,17.0,0
27,112877,20576,272.90063978750004,0.8776556776556758,0.2967032967032967,19.555555555555557,2250.871794871794,226.62962962962962,14522.549857549857,3.4074074074074074,14522.549857549857,18.855124632254153,14522.549857549857,0.0,3.0,24.0,19.0,8.0,0.0,0
48,337514,40846,651.6108135625001,3.518681318681322,0.5274725274725275,10.5,134.68085106382978,279.5208333333333,30420.978280141844,2.8333333333333335,30420.978280141844,26.546450821349044,30420.978280141844,4.0,9.0,35.0,35.0,13.0,0.0,0
54,824836,56602,1054.5088188749999,1.7106227106227128,0.5934065934065934,21.462962962962962,847.3853948287908,545.1666666666666,140300.74528301886,-3.9444444444444446,140300.74528301886,43.58322231738416,140300.74528301886,12.0,16.0,26.0,13.0,1.0,40.0,0
48,863712,74794,1242.8517810666667,1.1186813186813183,0.5274725274725275,13.854166666666666,181.7867907801419,413.8958333333333,33707.96764184398,-0.4166666666666667,33707.96764184398,37.5214343564896,33707.96764184398,23.0,7.0,18.0,22.0,24.0,2.0,0
22,116783,16869,237.31753907499998,1.9186813186813143,0.24175824175824176,24.045454545454547,2132.140692640693,248.77272727272728,15981.04112554112,2.8181818181818183,15981.04112554112,21.99534325514463,15981.04112554112,1.0,3.0,18.0,2.0,16.0,4.0,0
50,236628,37989,573.6492693791666,6.783638583638588,0.5494505494505495,15.3,1170.7448979591836,348.4,46727.795918367345,1.84,46727.795918367345,21.160383592302082,46727.795918367345,2.0,2.0,46.0,18.0,32.0,0.0,0
43,367961,41533,640.7882166541666,2.452014652014661,0.4725274725274725,6.162790697674419,47.23477297895902,241.53488372093022,49432.254706533786,2.3488372093023258,49432.254706533786,23.72720815079166,49432.254706533786,4.0,7.0,32.0,25.0,14.0,4.0,0
27,153660,16864,323.63047313333334,1.0332112332112322,0.2967032967032967,7.0,34.53846153846154,149.92592592592592,10554.071225071226,3.5185185185185186,10554.071225071226,28.41748880857506,10554.071225071226,2.0,2.0,23.0,4.0,0.0,23.0,0
60,560557,51443,1065.8736733375,2.1826617826617802,0.6593406593406593,30.383333333333333,12219.49463276836,439.3833333333333,93909.90141242935,6.15,93909.90141242935,35.8262484637204,93909.90141242935,5.0,13.0,42.0,22.0,9.0,29.0,0
34,302697,22699,456.4930116208333,1.6144078144078087,0.37362637362637363,12.176470588235293,237.42245989304814,340.1470588235294,40863.826203208555,1.8235294117647058,40863.826203208555,37.58058776026136,40863.826203208555,5.0,4.0,25.0,11.0,5.0,18.0,0
58,362441,42500,713.3885478750001,10.855921855921832,0.6373626373626373,5.275862068965517,136.9751966122202,245.06896551724137,26463.363581367215,-2.5,26463.363581367215,28.320251301429344,26463.363581367215,2.0,13.0,43.0,31.0,2.0,25.0,0
44,386321,39488,642.1732009,0.652503052503053,0.4835164835164835,12.568181818181818,416.0184989429175,380.02272727272725,25902.580866807617,2.090909090909091,25902.580866807617,29.438359463454866,25902.580866807617,4.0,8.0,32.0,25.0,16.0,3.0,0
37,240180,21861,398.76904135000007,4.79951159951158,0.4065934065934066,7.594594594594595,60.52552552552551,194.8918918918919,20679.37687687688,2.2432432432432434,20679.37687687688,32.66740103583755,20679.37687687688,2.0,9.0,26.0,8.0,9.0,20.0,0
33,214406,33833,486.3043783208334,1.5670329670329721,0.3626373626373626,8.272727272727273,120.76704545454548,215.75757575757575,13110.564393939396,1.9696969696969697,13110.564393939396,21.611705575094938,13110.564393939396,2.0,6.0,25.0,1.0,32.0,0.0,0
53,377901,40804,677.4195241666667,3.112576312576305,0.5824175824175825,12.150943396226415,580.4767779390421,410.33962264150944,92745.26705370104,-30.07547169811321,92745.26705370104,29.515005742207226,92745.26705370104,4.0,9.0,40.0,30.0,14.0,9.0,0
44,346743,39012,595.1642644499999,1.874725274725274,0.4835164835164835,9.272727272727273,417.8308668076111,302.75,22383.26162790697,22.204545454545453,22383.26162790697,30.086990651116693,22383.26162790697,5.0,11.0,28.0,32.0,11.0,1.0,0
44,275167,36420,600.0368177125,4.71916971916971,0.4835164835164835,8.522727272727273,63.743657505285384,188.72727272727272,16767.179704016915,3.1136363636363638,16767.179704016915,22.364117163894008,16767.179704016915,1.0,8.0,35.0,35.0,3.0,6.0,0
44,524115,41599,803.8237929708333,1.9858363858363917,0.4835164835164835,10.295454545454545,77.51532769556026,374.22727272727275,39788.0401691332,2.022727272727273,39788.0401691332,37.91375656291242,39788.0401691332,7.0,13.0,24.0,12.0,24.0,8.0,0
38,276392,40639,525.7381273958334,3.0014652014651926,0.4175824175824176,12.5,427.55405405405406,246.3421052631579,19561.47439544808,1.736842105263158,19561.47439544808,22.642526593851596,19561.47439544808,1.0,13.0,24.0,7.0,31.0,0.0,0
53,344757,37351,694.3946021999999,3.80146520146518,0.5824175824175825,7.622641509433962,25.73947750362845,187.9056603773585,16232.08708272859,2.3962264150943398,16232.08708272859,28.974880217790794,16232.08708272859,1.0,10.0,42.0,39.0,0.0,14.0,0
30,106853,22210,300.7039768458333,1.7123321123321114,0.32967032967032966,10.966666666666667,52.30919540229884,202.03333333333333,16187.274712643679,4.233333333333333,16187.274712643679,17.753872983288463,16187.274712643679,0.0,1.0,29.0,9.0,21.0,0.0,0
56,589779,47532,904.8816171083333,2.7726495726495672,0.6153846153846154,11.821428571428571,82.51298701298698,399.01785714285717,93016.12694805191,2.3214285714285716,93016.12694805191,37.04957842777092,93016.12694805191,11.0,7.0,38.0,9.0,12.0,35.0,0
35,233373,37582,524.9258737749999,0.8615384615384621,0.38461538461538464,6.0285714285714285,43.73445378151261,236.42857142857142,35655.016806722684,3.5714285714285716,35655.016806722684,20.89152760818826,35655.016806722684,2.0,5.0,28.0,28.0,7.0,0.0,0
23,224734,23170,377.38832173749995,0.7242979242979244,0.25274725274725274,8.608695652173912,67.06719367588934,372.30434782608694,71288.40316205533,-14.391304347826088,71288.40316205533,29.931630826079935,71288.40316205533,3.0,4.0,16.0,11.0,12.0,0.0,0
44,247599,31801,506.00874664166673,3.519169719169713,0.4835164835164835,10.772727272727273,179.57505285412265,232.0,12197.488372093021,1.7954545454545454,12197.488372093021,25.38110125611345,12197.488372093021,2.0,4.0,38.0,10.0,21.0,13.0,0
34,180833,29135,419.57760409166673,1.9921855921855838,0.37362637362637363,5.764705882352941,28.609625668449194,186.47058823529412,21945.893048128335,2.2941176470588234,21945.893048128335,21.419706874488753,21945.893048128335,1.0,5.0,28.0,29.0,5.0,0.0,0
32,115200,21041,285.2390869624999,2.7860805860805806,0.3516483516483517,7.0625,54.70564516129032,166.875,9202.693548387097,2.53125,9202.693548387097,19.633301881279703,9202.693548387097,0.0,1.0,31.0,21.0,7.0,4.0,0
45,339014,35291,541.9570862458335,1.74163614163614,0.4945054945054945,15.911111111111111,2493.355555555556,242.6888888888889,11063.901010101012,2.2444444444444445,11063.901010101012,31.762318758889553,11063.901010101012,3.0,11.0,31.0,14.0,16.0,15.0,0
37,298534,34705,545.8027415875,1.88840048840049,0.4065934065934066,6.675675675675675,24.447447447447434,196.3783783783784,12147.24174174174,12.756756756756756,12147.24174174174,26.62644207179838,12147.24174174174,4.0,4.0,29.0,24.0,7.0,6.0,0
39,427581,30692,617.4489364041665,1.9365079365079352,0.42857142857142855,40.41025641025641,23742.669365722,412.3333333333333,44927.80701754387,4.666666666666667,44927.80701754387,41.874848284649566,44927.80701754387,4.0,15.0,20.0,26.0,0.0,13.0,0
30,160844,23292,404.6272126208334,1.5789987789987783,0.32967032967032966,9.633333333333333,142.17126436781606,207.4,22578.179310344825,3.7,22578.179310344825,21.830276825513053,22578.179310344825,1.0,4.0,25.0,17.0,1.0,12.0,0
188,1100590,155895,2369.0888689249996,12.862271062271049,2.065934065934066,10.925531914893616,389.8553874160883,213.78191489361703,32191.7864091478,2.5531914893617023,32191.7864091478,23.170650503099523,32191.7864091478,5.0,33.0,150.0,71.0,57.0,60.0,0
107,541347,85051,1302.918594304166,5.013186813186819,1.1758241758241759,10.065420560747663,123.13718920825256,224.9626168224299,15640.640098748021,2.3551401869158877,15640.640098748021,20.249571862381277,15640.640098748021,3.0,11.0,93.0,1.0,106.0,0.0,0
231,1106231,199929,2736.6820357291654,28.673504273504225,2.5384615384615383,7.9393939393939394,91.3876152832675,205.982683982684,36163.57361189535,2.6406926406926408,36163.57361189535,18.77041075031119,36163.57361189535,8.0,15.0,208.0,96.0,118.0,17.0,0
58,558826,55594,930.8048669416669,3.6336996336996332,0.6373626373626373,10.258620689655173,104.12492437991526,451.55172413793105,85198.46218995765,-21.96551724137931,85198.46218995765,30.378832592529985,85198.46218995765,7.0,11.0,40.0,3.0,44.0,11.0,0
114,581761,75770,1307.5778129208338,13.057631257631245,1.2527472527472527,9.298245614035087,111.5385809656886,184.76315789473685,14108.624825337683,10.526315789473685,14108.624825337683,23.806033753406677,14108.624825337683,5.0,8.0,101.0,60.0,11.0,43.0,0
58,658527,49108,915.6355200166665,2.9670329670329725,0.6373626373626373,17.93103448275862,1062.9776164549303,519.8275862068965,60568.95220810647,2.3620689655172415,60568.95220810647,43.04811897315349,60568.95220810647,12.0,13.0,33.0,42.0,7.0,9.0,0
71,634363,63856,1047.8807609083335,3.951159951159953,0.7802197802197802,9.633802816901408,103.83541247484911,362.7464788732394,57194.87766599596,-9.211267605633802,57194.87766599596,32.119955840459966,57194.87766599596,6.0,19.0,46.0,45.0,26.0,0.0,0
27,188588,23751,348.7240861291668,0.9443223443223427,0.2967032967032967,13.037037037037036,142.72934472934475,359.0740740740741,30976.60968660969,2.037037037037037,30976.60968660969,22.34221065727654,30976.60968660969,1.0,3.0,23.0,16.0,6.0,5.0,0
49,324700,45224,643.1571388458333,3.6735042735042933,0.5384615384615384,10.46938775510204,118.46258503401361,237.44897959183675,12961.335884353743,2.7346938775510203,12961.335884353743,24.292562379349818,12961.335884353743,3.0,11.0,35.0,10.0,39.0,0.0,0
26,279450,20426,393.55560563750004,0.3841269841269839,0.2857142857142857,14.307692307692308,102.86153846153846,459.0769230769231,76447.99384615385,4.8076923076923075,76447.99384615385,42.94075479736047,76447.99384615385,3.0,9.0,14.0,13.0,5.0,8.0,0
45,251459,34871,559.0727454333331,3.030525030525035,0.4945054945054945,7.7555555555555555,94.32525252525255,230.95555555555555,17468.316161616167,3.022222222222222,17468.316161616167,23.71612146811995,17468.316161616167,1.0,8.0,36.0,39.0,0.0,6.0,0
32,231622,32348,411.91153775833334,1.8083028083028057,0.3516483516483517,8.4375,50.89919354838709,259.6875,20707.834677419352,2.375,20707.834677419352,23.243170500887814,20707.834677419352,3.0,4.0,25.0,8.0,22.0,2.0,0
41,324323,33033,513.9286821916667,5.139194139194165,0.45054945054945056,7.487804878048781,97.45609756097559,177.8780487804878,14456.409756097559,2.048780487804878,14456.409756097559,26.2436555155335,14456.409756097559,3.0,3.0,35.0,21.0,16.0,4.0,0
47,237308,40989,605.6723969624999,2.0525030525030585,0.5164835164835165,15.872340425531915,2101.461609620721,266.0425531914894,98184.30249768733,-14.0,98184.30249768733,19.287727125144343,98184.30249768733,2.0,3.0,42.0,33.0,11.0,3.0,0
29,434543,37687,663.1152159041667,0.9084249084249101,0.31868131868131866,15.379310344827585,753.5295566502463,400.82758620689657,40964.21921182267,2.689655172413793,40964.21921182267,33.2210263055399,40964.21921182267,12.0,1.0,16.0,10.0,18.0,1.0,0
29,217640,26881,423.56873314999996,1.4639804639804659,0.31868131868131866,7.310344827586207,35.65024630541872,216.89655172413794,15114.738916256156,2.8620689655172415,15114.738916256156,25.29837313818981,15114.738916256156,2.0,5.0,22.0,27.0,2.0,0.0,0
31,214732,24820,390.8687671083334,1.8493284493284494,0.34065934065934067,16.451612903225808,1562.055913978495,240.83870967741936,14080.0064516129,2.064516129032258,14080.0064516129,27.434685052401143,14080.0064516129,1.0,4.0,26.0,29.0,1.0,1.0,0
50,382091,42105,668.2452914791667,4.161416361416371,0.5494505494505495,13.16,2211.728979591837,146.16,10654.62693877551,5.34,10654.62693877551,27.471685654365437,10654.62693877551,6.0,5.0,39.0,23.0,0.0,27.0,0
29,206470,22046,434.80780489999995,0.5750915750915745,0.31868131868131866,10.172413793103448,21.647783251231527,142.58620689655172,6024.536945812807,2.8620689655172415,6024.536945812807,28.732120402566053,6024.536945812807,4.0,2.0,23.0,8.0,0.0,21.0,0
35,375853,34783,577.3372028833332,1.3726495726495738,0.38461538461538464,10.4,99.65882352941178,358.1714285714286,65913.91092436975,6.571428571428571,65913.91092436975,31.114946698202953,65913.91092436975,6.0,5.0,24.0,13.0,21.0,1.0,0
50,258240,33254,542.1029163041666,3.361416361416365,0.5494505494505495,12.82,154.19142857142856,377.18,63931.415918367355,-0.48,63931.415918367355,24.268615091835258,63931.415918367355,2.0,4.0,44.0,10.0,40.0,0.0,0
48,383306,34368,590.6203241374999,1.6964590964591035,0.5274725274725275,10.6875,474.68750000000006,351.1041666666667,42353.37189716312,2.2708333333333335,42353.37189716312,36.71937901300563,42353.37189716312,2.0,13.0,33.0,16.0,8.0,24.0,0
50,547162,49359,864.7365280124998,2.472527472527476,0.5494505494505495,32.22,13656.991428571428,470.26,85631.05346938774,2.68,85631.05346938774,36.30903611593391,85631.05346938774,5.0,20.0,25.0,21.0,15.0,14.0,0
83,773471,81849,1247.0374918583336,3.1699633699633742,0.9120879120879121,20.481927710843372,3519.374669409342,420.10843373493975,43162.48809873642,2.0481927710843375,43162.48809873642,29.76709400510894,43162.48809873642,11.0,18.0,54.0,22.0,55.0,6.0,0
43,460392,41389,754.0937315625,4.674236874236879,0.4725274725274725,15.0,840.1904761904761,354.86046511627904,33196.45625692137,3.627906976744186,33196.45625692137,33.233812215796526,33196.45625692137,11.0,5.0,27.0,19.0,11.0,13.0,0
19,75963,12619,198.8318736833333,0.9670329670329655,0.2087912087912088,8.105263157894736,46.5438596491228,168.68421052631578,7803.783625730991,2.473684210526316,7803.783625730991,21.493768220066183,7803.783625730991,0.0,1.0,18.0,5.0,7.0,7.0,0
47,381486,34870,647.4827909375,3.6080586080586095,0.5164835164835165,11.212765957446809,431.3885291396853,241.4255319148936,81312.94542090657,8.063829787234043,81312.94542090657,35.5752057629691,81312.94542090657,3.0,11.0,33.0,11.0,27.0,9.0,0
32,232892,21904,441.08342063749996,3.1638583638583784,0.3516483516483517,17.4375,4172.576612903225,213.15625,11274.523185483875,1.84375,11274.523185483875,32.683692097085824,11274.523185483875,3.0,5.0,24.0,11.0,1.0,20.0,0
33,252374,28573,463.5089821833334,3.85592185592184,0.3626373626373626,8.454545454545455,121.5681818181818,264.030303030303,17391.717803030304,2.9393939393939394,17391.717803030304,25.63033371914973,17391.717803030304,5.0,2.0,26.0,16.0,12.0,5.0,0
35,174394,27693,380.5796554708334,1.0837606837606872,0.38461538461538464,18.2,1061.2235294117645,230.11428571428573,13758.927731092437,2.085714285714286,13758.927731092437,21.615832192301788,13758.927731092437,1.0,5.0,29.0,1.0,34.0,0.0,0
