driver_id,total_ride_count,total_distance,total_duration,total_earnings,perday_ridecount_var,perday_ridecount_mean,accept_response_time_mean,accept_response_time_var,arrival_time_mean,arrival_time_var,wait_time_mean,wait_time_var,speed_mean,speed_var,long_ride,med_ride,short_ride,evening_ride,morning_ride,night_ride,cluster,total_lifetime_value
01674381af7edd264113d4e6ed55ecda,375,3123644,357443,5379.6448656708335,26.285225885225888,4.1208791208791204,12.528,4958.6028235294125,216.488,29344.549989304804,8.208,29344.549989304804,26.994018458875278,29344.549989304804,39.0,76.0,260.0,0.0,350.0,25.0,1,107592.89731341667
028b5a4dcd7f4924ebfabcf2e814c014,363,2952621,350569,5196.137772304167,31.322100122100135,3.989010989010989,16.47658402203857,5394.7087043209585,259.06887052341597,24871.705188499764,12.223140495867769,24871.705188499764,26.675376769191082,24871.705188499764,45.0,54.0,264.0,93.0,257.0,13.0,1,103922.75544608333
08a1491d6a804e0af969f08252ddbbd8,571,3817091,534352,8113.056038804162,30.40146520146519,6.274725274725275,8.401050788091068,467.4441392447848,190.41330998248688,25419.86396288444,8.714535901926444,25419.86396288444,22.18736896694693,25419.86396288444,41.0,70.0,460.0,362.0,128.0,81.0,1,162261.12077608323
08b2b063cce8d02495c4b880293f153c,522,3803441,500369,7617.735752220839,34.44078144078144,5.736263736263736,10.559386973180077,339.9091343643592,273.6666666666667,34665.50479846448,4.628352490421456,34665.50479846448,23.22663541764702,34665.50479846448,44.0,53.0,425.0,199.0,312.0,11.0,1,152354.71504441678
0f346940b7c9dc770d408b1063ed2f81,468,3414984,456786,7463.321674195838,27.568253968253945,5.142857142857143,17.083333333333332,5139.836723768736,200.9594017094017,31145.17393711452,-0.75,31145.17393711452,22.808285780553497,31145.17393711452,37.0,69.0,362.0,168.0,172.0,128.0,1,149266.43348391674
100979abe35f7761f333bb7e63649767,470,3081690,413721,6023.022942966671,28.916971916971928,5.164835164835165,9.74468085106383,428.288617701765,269.30212765957447,29238.006605271523,7.870212765957447,29238.006605271523,23.535436387304717,29238.006605271523,33.0,67.0,370.0,69.0,365.0,36.0,1,120460.45885933342
113d6a61dd3bd21e5bc39bc19197f0f4,509,3255782,392747,5973.872467845828,24.31062271062269,5.593406593406593,10.524557956777995,1026.0372894203545,218.06090373280944,17153.26203146513,7.823182711198428,17153.26203146513,25.573926106170905,17153.26203146513,33.0,62.0,414.0,79.0,364.0,66.0,1,119477.44935691656
11506b81721ca68ef019764de3d8edbd,647,4646637,608921,8987.987152733329,47.25445665445663,7.1098901098901095,9.327666151468316,286.90794856948736,288.86398763523954,36303.23224599363,1.8052550231839257,36303.23224599363,23.932437299075836,36303.23224599363,61.0,100.0,486.0,232.0,369.0,46.0,1,179759.7430546666
12933735316b452a5bc6a933d1a38124,542,2892598,402705,6563.598399591666,32.1091575091575,5.956043956043956,9.619926199261993,429.2637796618259,231.61623616236162,15399.856149947811,1.7804428044280443,15399.856149947811,23.37932554846866,15399.856149947811,24.0,56.0,462.0,366.0,42.0,134.0,1,131271.9679918333
1682c469cb12aa06b06d93ab87c3836a,406,2791118,328210,5198.873858141669,22.673504273504268,4.461538461538462,10.746305418719212,681.5922702669832,297.79556650246303,37878.91365930793,8.08128078817734,37878.91365930793,27.503004566000797,37878.91365930793,30.0,58.0,318.0,187.0,177.0,42.0,1,103977.47716283338
17235b165b78a09be9cd7f9abc1e833a,682,4405457,607557,8980.672352495842,44.91941391941389,7.4945054945054945,11.567448680351907,745.890451337303,189.64369501466277,21418.22087795675,6.368035190615836,21418.22087795675,22.526579917806217,21418.22087795675,43.0,90.0,549.0,237.0,443.0,2.0,1,179613.44704991684
1936275dcb0942dc60a378839fae4730,296,3257844,281724,4892.226295804169,13.990964590964591,3.2527472527472527,9.844594594594595,104.87746220797065,439.5371621621622,36448.75793632617,4.04054054054054,36448.75793632617,37.203925414890115,36448.75793632617,38.0,100.0,158.0,21.0,274.0,1.0,1,97844.52591608338
1989ad384dd8ab8f43fd19822c36aeac,347,2969414,285969,4740.838272987494,9.309157509157512,3.8131868131868134,15.193083573487032,887.8209924872144,416.4899135446686,52020.16969565722,0.10662824207492795,52020.16969565722,31.900364676405587,52020.16969565722,39.0,58.0,250.0,146.0,145.0,56.0,1,94816.76545974988
19e1cdfeaf90239d8585e6a78136a403,737,3877262,538860,8467.357417425,20.645665445665454,8.098901098901099,10.734056987788332,522.554178219574,159.90637720488468,13921.264320689039,10.440976933514246,13921.264320689039,23.855415900141075,13921.264320689039,18.0,103.0,616.0,352.0,46.0,339.0,1,169347.14834850002
1a2af09b492ba2519c5b4aec478642a7,254,3257150,312081,4915.569639287501,12.411477411477426,2.791208791208791,12.106299212598426,501.0044660919362,356.51181102362204,52950.14017615389,7.559055118110236,52950.14017615389,31.48713599448021,52950.14017615389,64.0,44.0,146.0,111.0,124.0,19.0,1,98311.39278575001
1aee4c95edf898beee1a8b49a1f898b0,288,3336783,277771,4824.139180079168,17.71697191697193,3.1648351648351647,12.61111111111111,404.87262872628725,514.6770833333334,91223.43891550525,-3.5625,91223.43891550525,36.87555969432022,91223.43891550525,56.0,61.0,171.0,146.0,129.0,13.0,1,96482.78360158336
1b9ddecea8eb99bc37f9b0711546f1c0,620,3818877,452022,7575.7883810916655,52.17582417582411,6.813186813186813,13.45,1280.1412762520201,255.08870967741936,25616.155284277447,-0.12903225806451613,25616.155284277447,26.592164159069885,25616.155284277447,38.0,78.0,504.0,266.0,181.0,173.0,1,151515.7676218333
1c6e8fbca23da68279d93b2de6eaa3d1,467,3057890,355201,6005.338877579168,44.51575091575093,5.131868131868132,11.4389721627409,680.8476624605983,262.86081370449676,24628.84539246947,2.411134903640257,24628.84539246947,26.991699875443913,24628.84539246947,26.0,63.0,378.0,170.0,93.0,204.0,1,120106.77755158336
1d92784a09b1d1f85b05508e33261efb,316,3170372,306161,5092.417789287501,11.385347985347972,3.4725274725274726,12.177215189873417,819.0542093630697,274.38291139240505,24973.132278481007,2.9651898734177213,24973.132278481007,32.20605787318723,24973.132278481007,59.0,49.0,208.0,187.0,37.0,92.0,1,101848.35578575003
1e836fdeba5bcacf45438c08bfcf4fa3,567,3289504,470168,6994.887888604162,58.93504273504271,6.230769230769231,11.07583774250441,116.62144695595816,210.50970017636683,23037.571902206775,7.548500881834215,23037.571902206775,21.590955325830908,23037.571902206775,37.0,40.0,490.0,185.0,348.0,34.0,1,139897.75777208325
21eb2a893ddf647ee9d307d873a697b7,551,3115328,434418,6929.271823583322,53.852503052503046,6.054945054945055,10.537205081669692,941.1545223560472,172.04174228675137,16782.7418907771,9.272232304900182,16782.7418907771,23.320188808404087,16782.7418907771,26.0,59.0,466.0,275.0,188.0,88.0,1,138585.43647166644
22d43c4cd79a3cbab663d9eadd1e5995,373,5604577,453944,8154.216439800004,16.601221001221013,4.0989010989010985,12.959785522788204,643.8236472657036,339.3163538873995,41397.86201677763,9.836461126005362,41397.86201677763,36.51159306939347,41397.86201677763,129.0,49.0,195.0,150.0,171.0,52.0,1,163084.32879600007
2422c0748699c412f9759b2897484061,468,2858433,401059,5944.276908979163,26.368253968253974,5.142857142857143,8.788461538461538,55.76457749958818,312.5213675213675,48442.93530262265,2.1709401709401708,48442.93530262265,23.131186972556506,48442.93530262265,21.0,65.0,382.0,279.0,90.0,99.0,1,118885.53817958325
25061f5683655c7cc6e503eb0383c96e,364,3551029,349100,6053.438949233332,23.177777777777777,4.0,13.175824175824175,1362.4152816880091,226.98076923076923,26657.264091968646,3.131868131868132,26657.264091968646,30.489277766541385,26657.264091968646,62.0,42.0,260.0,180.0,110.0,74.0,1,121068.77898466664
2678d03ea513d10988818e77c5915b75,569,3093902,463420,6993.468843783336,47.146520146520146,6.252747252747253,8.17750439367311,269.1920282680263,198.20386643233743,14358.169632911717,5.6889279437609845,14358.169632911717,21.807023009195163,14358.169632911717,28.0,58.0,483.0,275.0,84.0,210.0,1,139869.37687566673
26dd952cf82f0d354e4007476748a1dc,643,4906971,560900,8880.786379004168,35.37338217338217,7.065934065934066,10.312597200622085,692.9254952689646,185.95645412130636,17371.02925345078,9.671850699844478,17371.02925345078,26.428287350833656,17371.02925345078,77.0,78.0,488.0,355.0,103.0,185.0,1,177615.72758008336
26efe85697b050171e2ac92d11f75605,466,3668193,456287,6696.318602950001,21.374114774114783,5.1208791208791204,10.092274678111588,588.8495315889055,261.31974248927037,34295.559910471224,5.682403433476395,34295.559910471224,25.156210211383073,34295.559910471224,47.0,72.0,347.0,181.0,239.0,46.0,1,133926.37205900002
290c05b6d7e38c64bae2535b5d1d27f2,328,2877288,326505,4970.439873474997,11.952869352869357,3.6043956043956045,19.033536585365855,3833.7083519803073,423.5670731707317,73777.01077795179,0.06402439024390244,73777.01077795179,28.023577162898352,73777.01077795179,35.0,67.0,226.0,145.0,182.0,1.0,1,99408.79746949993
297e507cc9f1da096e51c2223657255b,588,4737694,574650,8655.26342051666,61.76239316239317,6.461538461538462,11.23469387755102,998.2378402809163,285.1241496598639,47497.21283999122,8.517006802721088,47497.21283999122,25.667631058246503,47497.21283999122,73.0,71.0,444.0,188.0,317.0,83.0,1,173105.2684103332
29ca037d71b4a5934ae4528d050daeef,332,3298926,319906,5088.584673937503,13.674969474969476,3.6483516483516483,10.225903614457831,242.36875295744912,382.4096385542169,50645.384559385544,1.858433734939759,50645.384559385544,32.65391185655944,50645.384559385544,54.0,65.0,213.0,154.0,174.0,4.0,1,101771.69347875006
2a190f6b01dba26d00d3b644a268ba75,294,2858777,258828,4468.221076825,18.44615384615385,3.230769230769231,8.996598639455783,145.3890668895544,300.1326530612245,41477.69906665738,6.7517006802721085,41477.69906665738,35.793539899296185,41477.69906665738,30.0,91.0,173.0,38.0,219.0,37.0,1,89364.4215365
2aa41b072dc16081ebe60ad5b17f5a4c,459,3384936,415648,6295.8510493166605,31.309157509157508,5.043956043956044,13.010893246187363,490.351409462378,274.4161220043573,33727.313363967594,3.6884531590413943,33727.313363967594,25.773490422631212,33727.313363967594,53.0,60.0,346.0,192.0,195.0,72.0,1,125917.02098633321
2b1f99b4f3360623da8fdcd39828122e,247,2829891,268640,4165.987854112497,13.984126984126963,2.7142857142857144,17.57085020242915,1607.2622362660877,383.4574898785425,54246.34676277938,2.554655870445344,54246.34676277938,32.03427875171127,54246.34676277938,45.0,63.0,139.0,124.0,121.0,2.0,1,83319.75708224994
2d4c69afb7ac569a35a1c15fcecc1cb0,439,3400795,360096,6235.09098604583,35.65763125763125,4.824175824175824,12.685649202733485,802.1657981506326,234.19134396355352,23010.78522170562,3.9863325740318905,23010.78522170562,29.981615543323862,23010.78522170562,42.0,79.0,318.0,154.0,168.0,117.0,1,124701.8197209166
2da7874cc42c3c94f157bd3fd78369b6,538,2809815,474505,6471.645073166662,28.08107448107447,5.912087912087912,10.444237918215613,525.8078717645176,198.99256505576207,44528.75972115498,3.516728624535316,44528.75972115498,20.379679381190147,44528.75972115498,13.0,53.0,472.0,277.0,241.0,20.0,1,129432.90146333324
2e4d5b1e1a62e56b3a8f887641379fe4,583,4712778,443224,8035.189908487498,24.643956043956035,6.406593406593407,10.636363636363637,509.4689159637613,260.5008576329331,21319.74871060342,2.1252144082332762,21319.74871060342,31.929161944713677,21319.74871060342,63.0,77.0,443.0,101.0,12.0,470.0,1,160703.79816974996
336a98815390e16a5661d2570374d448,501,3111506,384678,6102.948610495837,36.919413919413955,5.5054945054945055,12.171656686626747,2521.9624750498992,323.78842315369263,46684.98714570857,1.2115768463073853,46684.98714570857,26.028173290330347,46684.98714570857,31.0,66.0,404.0,129.0,359.0,13.0,1,122058.97220991674
3575446a7484516f5593add3ddd37451,391,4555508,410899,6770.371188158331,21.566544566544565,4.2967032967032965,11.209718670076727,752.6533412027019,355.6470588235294,52261.62383107088,-1.6751918158567776,52261.62383107088,32.81112859345007,52261.62383107088,90.0,58.0,243.0,201.0,157.0,33.0,1,135407.42376316662
36de1e085fbd8f354dd3192571cece32,364,3296286,309281,5442.3156335124995,18.77777777777778,4.0,11.398351648351648,711.8436336390876,292.90934065934067,63199.85126237401,9.785714285714286,63199.85126237401,31.16146286547553,63199.85126237401,40.0,71.0,253.0,121.0,31.0,212.0,1,108846.31267024999
3788dc9e91f1548816ce8b5af07ddadc,783,6170230,779797,12301.63598859582,65.77509157509162,8.604395604395604,10.575989782886335,314.58469131447356,211.0344827586207,25159.920804303736,6.756066411238825,25159.920804303736,24.158418011562787,25159.920804303736,67.0,123.0,593.0,385.0,144.0,254.0,1,246032.71977191643
392e07cd00f38f357ae73795619fd0e3,533,3186872,439303,6720.372571999994,60.74603174603174,5.857142857142857,8.662288930581614,114.69024813440741,175.20262664165102,16070.191947975,10.926829268292684,16070.191947975,22.50170134819082,16070.191947975,37.0,48.0,448.0,178.0,274.0,81.0,1,134407.4514399999
39a7bc235caf53556b15dd28ab5a7157,433,3052033,399625,6119.098144016668,32.54090354090353,4.758241758241758,11.129330254041571,1062.6591608929948,234.13856812933025,33545.897421093185,5.133949191685912,33545.897421093185,23.079707860505604,33545.897421093185,41.0,52.0,340.0,221.0,48.0,164.0,1,122381.96288033336
3a52faf7577b389cbe9912652cbad33c,688,4565598,542332,8877.128285224986,42.67130647130645,7.56043956043956,13.350290697674419,2415.878573423376,276.6598837209302,25441.718213669126,1.126453488372093,25441.718213669126,26.271944903223787,25441.718213669126,57.0,80.0,551.0,387.0,183.0,118.0,1,177542.56570449972
40061a1bbba0ff209c889094d24f6032,449,4151289,419434,6683.632177383336,25.084493284493274,4.934065934065934,12.982182628062361,631.4639675469299,282.8775055679287,55880.66130090682,6.5612472160356345,55880.66130090682,30.51300465850643,55880.66130090682,45.0,111.0,293.0,96.0,262.0,91.0,1,133672.64354766672
415fbbda45a4a410e3122e3c992ace42,479,4057224,458028,7192.194527374996,48.41855921855923,5.263736263736264,13.35490605427975,854.2712677212812,272.66597077244256,38777.482333312975,6.751565762004176,38777.482333312975,26.630095564718108,38777.482333312975,68.0,50.0,361.0,197.0,118.0,164.0,1,143843.89054749993
440abd26a1c60ce02351bf1823d2d46d,586,4761534,524500,8521.705467958342,32.915750915750905,6.43956043956044,15.665529010238908,2499.9016131384756,334.45051194539246,69573.82062366912,2.3515358361774745,69573.82062366912,27.71619580959748,69573.82062366912,45.0,128.0,413.0,202.0,149.0,235.0,1,170434.10935916682
456467f01492ee1aeb7707de5c725f1c,461,5873017,516212,8600.349274733342,22.040048840048836,5.065934065934066,9.845986984815617,243.63492407809122,359.4511930585683,41669.10033009525,1.06941431670282,41669.10033009525,34.915846001441494,41669.10033009525,123.0,69.0,269.0,174.0,171.0,116.0,1,172006.98549466685
479c3dccc06056867dd10c7d9fa0f569,548,3653721,453669,6996.187837616664,30.777289377289364,6.021978021978022,13.08941605839416,772.3448237900157,223.69160583941607,19960.601245679845,6.523722627737226,19960.601245679845,24.789950814301264,19960.601245679845,36.0,69.0,443.0,84.0,375.0,89.0,1,139923.75675233328
4e9bcae1e2305fe1e6b215cb82833e97,644,3808828,558349,8603.211228395832,24.849572649572625,7.076923076923077,9.746894409937887,153.32152999816464,150.416149068323,9930.756566173703,7.251552795031056,9930.756566173703,22.2208889520117,9930.756566173703,43.0,61.0,540.0,196.0,369.0,79.0,1,172064.22456791665
4eb382d1f7d50fae1294964263d1ce82,831,5056207,693727,10779.400376058336,44.649084249084254,9.131868131868131,13.292418772563177,321.32764125092416,203.17809867629362,22357.72004987457,5.943441636582431,22357.72004987457,23.14903224551496,22357.72004987457,55.0,91.0,685.0,329.0,215.0,287.0,1,215588.00752116673
50ec87212107552181f769bdc522b63d,256,2875734,253541,4208.762609974999,22.86471306471307,2.8131868131868134,22.32421875,11913.184666053925,340.7265625,52391.297487745076,6.37109375,52391.297487745076,31.870613120292244,52391.297487745076,44.0,46.0,166.0,68.0,121.0,67.0,1,84175.25219949997
531a726b5b0c925a1aa24b5a9d5ac333,576,3028195,494736,7538.827283270841,15.356776556776563,6.329670329670329,8.534722222222221,110.8509661835749,156.09027777777777,10301.884009661842,8.364583333333334,10301.884009661842,20.037227528072734,10301.884009661842,26.0,48.0,502.0,289.0,248.0,39.0,1,150776.5456654168
55bec90600d21bd3513366d218f2b2f2,650,4516137,560299,9404.522597099996,68.8793650793651,7.142857142857143,12.113846153846154,1022.1626739362335,172.01076923076923,17918.27877444592,10.326153846153845,17918.27877444592,24.690716662804686,17918.27877444592,45.0,88.0,517.0,267.0,162.0,221.0,1,188090.45194199993
5943b68c2fa8bcfd0add30691fd9136b,452,4760510,430476,7432.165318216667,14.210012210012204,4.967032967032967,13.04646017699115,934.7228920981888,277.7234513274336,25258.772575201612,2.672566371681416,25258.772575201612,34.0935401358042,25258.772575201612,87.0,94.0,271.0,184.0,96.0,172.0,1,148643.30636433334
5a880bc9cddbb3845438de87f859c360,511,3682227,438218,6731.949432500005,46.01709401709404,5.615384615384615,8.479452054794521,166.70104754230465,238.60665362035226,26273.08615172095,10.399217221135029,26273.08615172095,26.012621774643247,26273.08615172095,47.0,72.0,392.0,207.0,242.0,62.0,1,134638.9886500001
5ccc0e6dc9c7475caf785cdce7b8eb7a,919,6353153,748384,12347.102998550006,53.49010989010989,10.098901098901099,13.036996735582154,1912.3428563300527,236.3286180631121,27432.756816279878,10.225244831338411,27432.756816279878,26.99220055490106,27432.756816279878,74.0,139.0,706.0,404.0,258.0,257.0,1,246942.05997100013
5ceff5a3983505de6d021403c6975079,348,2876320,276358,4849.939451279164,9.45763125763127,3.8241758241758244,15.022988505747126,1496.6853489681685,303.01724137931035,41369.757626950224,6.195402298850575,41369.757626950224,31.666055869294482,41369.757626950224,41.0,54.0,253.0,116.0,53.0,179.0,1,96998.78902558328
5e6bd3186b283c4e430332e1a3dd1b2e,471,2958289,409798,6101.647751599997,46.057631257631236,5.175824175824176,11.070063694267516,1081.8099742512534,256.1804670912951,24968.173745313266,2.484076433121019,24968.173745313266,22.12255531176293,24968.173745313266,31.0,38.0,402.0,30.0,399.0,42.0,1,122032.95503199994
5efe1190183936849880ece11b1ece77,356,2917533,327273,5194.295475929167,19.458852258852257,3.912087912087912,13.379213483146067,683.706496281057,287.6179775280899,30785.14942237696,2.0758426966292136,30785.14942237696,29.003769067956085,30785.14942237696,26.0,92.0,238.0,47.0,236.0,73.0,1,103885.90951858334
5fce375e4e5c673c29e652df1ac0b903,431,3000635,402781,5818.2696344833375,15.640781440781439,4.736263736263736,10.591647331786543,257.96309286138234,266.7772621809745,33967.22469109152,5.352668213457076,33967.22469109152,23.662587429333566,33967.22469109152,24.0,79.0,328.0,0.0,426.0,5.0,1,116365.39268966675
619fb670865cb3e2583cc22fde1337f1,670,3345446,520187,8018.127126695828,51.72258852258851,7.362637362637362,10.907462686567165,602.1169845838069,167.68358208955223,10192.061165026887,-0.3850746268656716,10192.061165026887,21.240584463447213,10192.061165026887,25.0,51.0,594.0,302.0,276.0,92.0,1,160362.54253391657
646eba049df90f6bca2f51ce20004ac4,368,2802997,303369,5035.610366579163,18.909157509157513,4.043956043956044,10.464673913043478,148.5982037080914,271.0108695652174,35606.2069659993,12.546195652173912,35606.2069659993,28.866811947399494,35606.2069659993,29.0,67.0,272.0,151.0,37.0,180.0,1,100712.20733158327
654c3e2ff69e4d6c9569212cbaf7af07,507,3678435,473940,7066.743385908335,43.86984126984126,5.571428571428571,11.355029585798816,554.7907009378582,259.9428007889546,31026.370239570915,9.978303747534516,31026.370239570915,24.220423157602088,31026.370239570915,37.0,88.0,382.0,84.0,383.0,40.0,1,141334.8677181667
689bdf87fb2de49f98bf4946cfaa5068,794,4875955,579776,9685.566034837504,37.4903540903541,8.725274725274724,10.356423173803526,187.57645932132885,235.75692695214107,27317.66467452934,4.642317380352645,27317.66467452934,26.520468203110337,27317.66467452934,50.0,119.0,625.0,285.0,50.0,459.0,1,193711.32069675007
68c4e63e9663a4bd8d4e435601a26a37,572,4182949,528751,8070.860111195836,40.71746031746033,6.285714285714286,10.66958041958042,258.34772451716407,273.284965034965,40111.72425691647,4.265734265734266,40111.72425691647,23.901679427686965,40111.72425691647,60.0,64.0,448.0,220.0,101.0,251.0,1,161417.2022239167
6b65c06851e944351dd285a1eb729499,718,5089164,629203,10706.148917133336,79.65445665445665,7.8901098901098905,13.544568245125348,2116.1842033698117,176.66295264623955,18513.074525160915,9.544568245125348,18513.074525160915,23.884126648917352,18513.074525160915,74.0,61.0,583.0,295.0,263.0,160.0,1,214122.97834266673
6c5370105323176e4e88993943aa5b24,442,4139167,397687,6634.143298066664,26.30158730158732,4.857142857142857,15.260180995475114,3063.9570956587763,411.6447963800905,98882.69667354123,3.5407239819004523,98882.69667354123,31.529770154695647,98882.69667354123,54.0,99.0,289.0,91.0,231.0,120.0,1,132682.86596133327
6c9d732cd0560af6e8939ac97bdd78d2,471,2793353,337359,5762.06449544583,31.524297924297905,5.175824175824176,10.386411889596603,462.3227085874328,224.26539278131634,25831.91026787733,3.2123142250530785,25831.91026787733,26.384835164473227,25831.91026787733,23.0,50.0,398.0,263.0,11.0,197.0,1,115241.2899089166
6f107d977e357e3d22036cc447b354b0,494,3168326,401881,6826.3714376791695,28.336507936507946,5.428571428571429,10.67408906882591,530.6095909535109,169.2408906882591,14932.077756608702,5.838056680161944,14932.077756608702,24.261715257207918,14932.077756608702,41.0,49.0,404.0,178.0,142.0,174.0,1,136527.4287535834
7062cc9432dba19f5b474be707a73525,436,3614059,432638,6470.738074641667,44.94481074481072,4.791208791208791,11.605504587155963,884.5566592850373,189.98853211009174,15825.946994621969,3.7889908256880735,15825.946994621969,25.74994294883014,15825.946994621969,59.0,69.0,308.0,150.0,262.0,24.0,1,129414.76149283334
72ca99bb6667024a23e1f68904b06fd0,358,3223683,363120,5379.467580533335,16.506715506715523,3.934065934065934,14.553072625698324,763.2786880115176,223.2849162011173,25088.94940769601,4.516759776536313,25088.94940769601,26.987021463184927,25088.94940769601,55.0,45.0,258.0,21.0,337.0,0.0,1,107589.35161066671
74de6f7e57690a1687935227360edf7f,462,3296335,422537,6483.455638083328,32.93846153846154,5.076923076923077,10.6991341991342,621.4081988149229,205.76190476190476,23032.31628963951,8.1991341991342,23032.31628963951,24.49523630479912,23032.31628963951,51.0,44.0,367.0,183.0,127.0,152.0,1,129669.11276166656
750b2b9e0f4caa4539c2553a4d04fb6b,286,2996608,311050,4922.007612583331,27.168253968253975,3.142857142857143,13.181818181818182,1050.5141945773526,321.9125874125874,38513.8905778432,3.104895104895105,38513.8905778432,28.78886792849206,38513.8905778432,58.0,40.0,188.0,126.0,148.0,12.0,1,98440.15225166662
7c27405cefee2fad79a81a819ca9dbe1,475,5921502,435862,8054.253835112502,33.751159951159956,5.21978021978022,19.835789473684212,3128.9392227403955,420.7684210526316,92402.00954918948,5.905263157894737,92402.00954918948,43.48493617179295,92402.00954918948,99.0,160.0,216.0,124.0,195.0,156.0,1,161085.07670225005
8224c23bca05c2adb3fdf40752eb1b3c,349,2908940,313143,5051.166548737507,17.89474969474969,3.8351648351648353,14.469914040114613,2609.7785462569564,262.974212034384,35559.26657444916,2.1432664756446993,35559.26657444916,28.96160048330007,35559.26657444916,38.0,70.0,241.0,161.0,44.0,144.0,1,101023.33097475013
844e9be5a30d8d9c1f8e9ddb086ff717,821,5004424,736296,10611.440728575002,47.62173382173382,9.021978021978022,9.07795371498173,188.7256231246842,204.65042630937882,14415.05447847659,4.348355663824604,14415.05447847659,22.16374988573959,14415.05447847659,40.0,127.0,654.0,287.0,515.0,19.0,1,212228.81457150006
86a1dbd33d3ee6d68caa25966a2868a3,578,4698882,541040,8433.569947195834,30.608302808302827,6.351648351648351,9.918685121107266,820.6710194119453,285.48269896193773,52610.4026464292,13.036332179930795,52610.4026464292,25.98899304268083,52610.4026464292,63.0,70.0,445.0,204.0,240.0,134.0,1,168671.3989439167
8a64fa582ad5ac3bce95a38756b1875c,609,4700620,556420,9068.668538629168,54.08205128205134,6.6923076923076925,12.334975369458128,2035.499449053669,199.10344827586206,27401.234346642435,7.438423645320197,27401.234346642435,26.00337413561498,27401.234346642435,64.0,82.0,463.0,303.0,127.0,179.0,1,181373.37077258335
8ef80bf59ceefb3fef9d41a5c66eff35,401,3054296,348864,5674.679654566667,35.35506715506714,4.406593406593407,9.566084788029926,138.09124688279297,177.8079800498753,20469.425536159615,7.713216957605985,20469.425536159615,27.323724782646266,20469.425536159615,46.0,48.0,307.0,177.0,107.0,117.0,1,113493.59309133333
914712bea449e20e1cd2e18c269481bf,687,3895526,568329,8650.927615112498,70.78363858363856,7.549450549450549,9.096069868995633,590.6671419659565,189.57059679767104,18229.703099205963,12.136826783114993,18229.703099205963,21.872438168291907,18229.703099205963,25.0,98.0,564.0,324.0,166.0,197.0,1,173018.55230224994
943db956d9c6ccf01435211d99568f15,567,3728186,440092,7543.771746799999,28.068376068376057,6.230769230769231,11.867724867724867,1651.3340624824725,187.0493827160494,15865.234306155382,7.253968253968254,15865.234306155382,26.323801848688113,15865.234306155382,50.0,61.0,456.0,198.0,75.0,294.0,1,150875.43493599998
94ab22994e3ee32eb32f515563197296,478,2997081,438885,6341.575032483328,30.079853479853494,5.252747252747253,8.514644351464435,119.93165092146707,220.26359832635984,19257.92617738129,10.259414225941423,19257.92617738129,21.762171250287057,19257.92617738129,32.0,49.0,397.0,103.0,374.0,1.0,1,126831.50064966656
9e5b47cd6f31b05e75e92a427230ebdc,490,2984910,443508,6721.704202637501,15.19487179487179,5.384615384615385,12.00204081632653,597.9243312048749,193.18571428571428,14417.051329243355,6.1959183673469385,14417.051329243355,21.388151437157276,14417.051329243355,34.0,51.0,405.0,3.0,483.0,4.0,1,134434.08405275003
9e9d4402b1038d103b3add7271d9b8ca,452,2825337,403546,5752.4548620375035,11.410012210012209,4.967032967032967,11.04646017699115,243.7694552910939,240.34734513274336,24645.91677785844,4.192477876106195,24645.91677785844,23.72788250460613,24645.91677785844,17.0,98.0,337.0,58.0,370.0,24.0,1,115049.09724075007
a2bdf1915008a135e5ddaf8cf110adf9,438,3380320,409100,6367.635304274998,46.575824175824174,4.813186813186813,9.721461187214611,317.3318495762934,280.3767123287671,32649.77309488731,7.860730593607306,32649.77309488731,25.795314117904443,32649.77309488731,42.0,62.0,334.0,216.0,172.0,50.0,1,127352.70608549996
a4401d3bb25a651812f6781fcce5df77,667,4247725,556215,8897.54596746666,40.467887667887666,7.329670329670329,11.244377811094452,406.50024987506214,263.4857571214393,27648.658580619594,2.100449775112444,27648.658580619594,24.049987609213908,27648.658580619594,52.0,71.0,544.0,256.0,330.0,81.0,1,177950.9193493332
a533ee906b3e68bcd03e3e2888a844a8,272,3073277,279292,4589.6209290666675,9.277655677655666,2.989010989010989,14.797794117647058,2731.3870061862385,320.24632352941177,35096.452015953975,2.4705882352941178,35096.452015953975,33.70022067973486,35096.452015953975,51.0,59.0,162.0,146.0,96.0,30.0,1,91792.41858133335
a632e60ee41d9aab624a6b7fd6269976,431,2767932,379223,6141.150139416672,47.26300366300366,4.736263736263736,15.74477958236659,5037.176571521068,193.8909512761021,20401.334592348787,6.619489559164733,20401.334592348787,23.704411933510162,20401.334592348787,24.0,70.0,337.0,195.0,71.0,165.0,1,122823.00278833343
a7ae2d9768b3eddb584395f2d984b3a2,496,2896483,434845,6364.812060466669,44.09474969474969,5.450549450549451,9.334677419354838,271.415037471489,160.6048387096774,10089.653633105252,7.735887096774194,10089.653633105252,21.984430535434264,10089.653633105252,23.0,74.0,399.0,196.0,288.0,12.0,1,127296.24120933338
a84478867f4a6fb6450da1cb47458308,575,3160929,511590,7460.981411670832,24.730647130647135,6.318681318681318,9.326956521739131,635.2587668535074,194.84347826086957,17653.933646417227,5.740869565217391,17653.933646417227,19.865470663808317,17653.933646417227,30.0,51.0,494.0,269.0,187.0,119.0,1,149219.62823341665
a9af04859e568ded6758279d805c56e8,472,2972232,389785,6338.065040504166,32.50915750915753,5.186813186813187,11.786016949152541,287.96897603368245,235.21398305084745,22888.733307243856,4.203389830508475,22888.733307243856,25.127842591026987,22888.733307243856,34.0,67.0,371.0,108.0,219.0,145.0,1,126761.30081008332
a9dc82f0789aee809c81669dc768ced0,504,4322985,458842,7668.10372275833,38.05128205128203,5.538461538461538,12.968253968253968,2324.965192969169,198.53174603174602,25541.625232730617,9.051587301587302,25541.625232730617,28.28660569975118,25541.625232730617,64.0,83.0,357.0,195.0,68.0,241.0,1,153362.0744551666
abc63585621a8cc49099bc9dde677f27,706,4791054,569194,9357.374981349996,69.8297924297924,7.758241758241758,10.86827195467422,1050.5826231089147,229.18555240793202,20613.357010829175,10.409348441926346,20613.357010829175,26.374824612472732,20613.357010829175,59.0,92.0,555.0,270.0,217.0,219.0,1,187147.49962699992
af452fac966efa9d089953c99045bb20,761,4980036,636973,9709.227135170837,66.21147741147736,8.362637362637363,11.361366622864653,1565.0784528667264,254.5873850197109,27083.626893284458,3.780551905387648,27083.626893284458,24.927913289495645,27083.626893284458,54.0,103.0,604.0,306.0,432.0,23.0,1,194184.54270341672
af8cad352c24bda90b2a5d07e1049181,491,3715718,407483,6865.454751949996,44.88620268620269,5.395604395604396,8.221995926680245,318.6138825387591,193.4154786150713,25222.553555841918,9.258655804480652,25222.553555841918,28.411725870015488,25222.553555841918,50.0,69.0,372.0,142.0,83.0,266.0,1,137309.09503899992
afb63eff111f81c66cc01a5c9f64f2a2,514,3873866,445723,7097.610455195832,56.87496947496948,5.648351648351649,7.303501945525292,84.68743410623405,218.31906614785993,22415.644587040446,12.171206225680933,22415.644587040446,26.923879789790284,22415.644587040446,58.0,66.0,390.0,79.0,377.0,58.0,1,141952.20910391666
afc7a3f83a5e5cc87136bceacceed8af,376,3351706,341798,5879.030109637499,36.20463980463978,4.131868131868132,14.02127659574468,3289.898212765959,253.67287234042553,39085.890035460994,11.02127659574468,39085.890035460994,28.55548752757726,39085.890035460994,46.0,56.0,274.0,148.0,117.0,111.0,1,117580.60219274997
b5275d250226cf29df0164d0f62d5ba7,541,2755710,430242,6754.852705000003,31.608058608058627,5.945054945054945,12.151571164510166,506.9510577120556,162.0018484288355,11375.979626206597,8.373382624768947,11375.979626206597,21.251449747474428,11375.979626206597,21.0,45.0,475.0,287.0,170.0,84.0,1,135097.05410000007
b5b10e1d4132c7c1155f88aa00b9a5c5,562,3604779,476464,7585.688648154167,37.94652014652011,6.175824175824176,11.38967971530249,1291.5074155835075,222.1085409252669,20980.35718182449,10.745551601423488,20980.35718182449,23.44033772835709,20980.35718182449,42.0,58.0,462.0,232.0,206.0,124.0,1,151713.77296308335
b6b8068eea005094bf1eeab9c35c9c11,400,3140069,322264,5575.094323345835,30.508424908424917,4.395604395604396,10.2475,148.78320175438597,288.86,34675.76481203009,1.9875,34675.76481203009,29.82335044621155,34675.76481203009,32.0,85.0,283.0,165.0,137.0,98.0,1,111501.8864669167
b6ec72d2f14dcc90a4e7fd25bd12e9a7,554,3272389,504858,7851.524671966656,42.969963369963324,6.087912087912088,11.070397111913357,847.7147459541319,226.21480144404333,24466.013451407176,9.740072202166065,24466.013451407176,20.07283262411569,24466.013451407176,40.0,42.0,472.0,212.0,237.0,105.0,1,157030.4934393331
b7b0b507d966d1e1735ecaaf0c3ed5b6,462,4558578,418021,6810.683760512503,28.182905982905986,5.076923076923077,20.72943722943723,7816.1587411142755,469.1818181818182,90396.70439755483,3.398268398268398,90396.70439755483,32.08205279569625,90396.70439755483,59.0,82.0,321.0,182.0,279.0,1.0,1,136213.67521025005
b7bd34f3d587ea950dabfd4ac7781f2f,424,2808769,372275,5737.002167762498,33.62710622710623,4.65934065934066,12.98820754716981,399.9927684107228,225.00943396226415,15922.36870511618,3.481132075471698,15922.36870511618,23.980693847141207,15922.36870511618,36.0,56.0,332.0,129.0,189.0,106.0,1,114740.04335524996
b7de2b55859abf8fb49bf393a5a2816a,377,3602709,417973,6048.515692829165,19.057142857142853,4.142857142857143,18.09549071618037,3528.24617642079,487.1007957559682,133366.53236638644,-0.2838196286472148,133366.53236638644,25.681746506906375,133366.53236638644,53.0,53.0,271.0,123.0,230.0,24.0,1,120970.3138565833
b7fbf53260861a5a9022b709abe4d584,490,2931247,402260,6161.630074145838,32.32820512820512,5.384615384615385,9.248979591836735,690.6863486498894,178.16530612244898,19099.96239305538,6.785714285714286,19099.96239305538,23.4646730909397,19099.96239305538,21.0,57.0,412.0,331.0,65.0,94.0,1,123232.60148291677
b9926f42a5fd6cc0c455fe59a21961ab,306,3436353,313947,5126.496350766668,20.01147741147742,3.3626373626373627,12.99673202614379,707.2491696132004,301.578431372549,45332.185631629705,1.1013071895424837,45332.185631629705,30.105640737556136,45332.185631629705,44.0,54.0,208.0,135.0,116.0,55.0,1,102529.92701533336
ba3a4161ca111c8a2d39a1f1bffd3557,361,3028461,312517,5182.67967275834,16.83223443223443,3.967032967032967,9.565096952908588,264.1575561711296,282.35457063711914,25427.807263773466,6.842105263157895,25427.807263773466,29.185065488638646,25427.807263773466,37.0,67.0,257.0,98.0,196.0,67.0,1,103653.59345516679
bd34a715eef595600ffb4f683ca04e64,442,2858575,338553,5419.070157458338,18.52380952380954,4.857142857142857,13.80316742081448,1093.0246611465095,293.7873303167421,40352.51249217641,2.52262443438914,40352.51249217641,27.458512579556796,40352.51249217641,23.0,77.0,342.0,211.0,179.0,52.0,1,108381.40314916676
c0640121b56458ccc0d2892067bc463b,417,3304735,332770,5962.228202649995,33.75702075702077,4.582417582417582,15.388489208633093,11595.401597952425,267.43645083932853,25480.333091219356,1.6067146282973621,25480.333091219356,30.87774844709651,25480.333091219356,52.0,63.0,302.0,35.0,97.0,285.0,1,119244.56405299991
c07499b5a6f1090f2fb263ec6ac0660c,622,6179913,600682,10009.719104925003,30.45030525030523,6.835164835164835,16.69774919614148,2399.795775924112,290.95498392282957,37825.225023429666,4.736334405144695,37825.225023429666,30.772633648256384,37825.225023429666,115.0,92.0,415.0,237.0,120.0,265.0,1,200194.38209850006
c12c2eb875879488e687111335a12805,459,6628201,474081,9318.298728558335,24.042490842490857,5.043956043956044,12.5119825708061,789.9447251001324,295.34640522875816,36810.30550560836,9.483660130718954,36810.30550560836,42.16666311185873,36810.30550560836,173.0,58.0,228.0,116.0,0.0,343.0,1,186365.9745711667
c1d662bc81ade6c9a1ec161b3076b27e,515,2906601,417542,6370.543806033341,43.827106227106206,5.65934065934066,8.244660194174758,358.84663971893804,174.46601941747574,19543.661780816743,7.590291262135922,19543.661780816743,23.014363805018988,19543.661780816743,26.0,59.0,430.0,210.0,194.0,111.0,1,127410.87612066681
c8f03786f7e1b205a9d38722fc3651e6,610,3176893,476791,7360.929009929166,27.055433455433448,6.7032967032967035,8.38360655737705,1344.8312579073472,139.80327868852459,10380.161565587232,9.583606557377049,10380.161565587232,21.524957196714713,10380.161565587232,18.0,62.0,530.0,261.0,62.0,287.0,1,147218.5801985833
c95b96b3d38fbf45da2bc43db49861c5,482,3337614,423954,6755.300271408332,35.788766788766736,5.2967032967032965,11.344398340248963,745.1618084730114,194.36721991701245,16812.781709094994,4.325726141078838,16812.781709094994,25.212136589978318,16812.781709094994,44.0,45.0,393.0,155.0,307.0,20.0,1,135106.00542816665
c97e3d0c075030df5478bf3e679f97bd,275,2777583,246808,4268.162333583332,18.59951159951159,3.021978021978022,19.01818181818182,3897.3828798938284,524.9636363636364,134079.91108161912,-4.429090909090909,134079.91108161912,34.58150958468277,134079.91108161912,44.0,54.0,177.0,181.0,74.0,20.0,1,85363.24667166664
cbba49117a03fd2f578022eab904dced,412,2980754,405671,5691.400691570834,15.963125763125749,4.527472527472527,18.686893203883496,5130.512431200242,340.93203883495147,65997.5768785581,5.446601941747573,65997.5768785581,23.59847266352097,65997.5768785581,33.0,62.0,317.0,243.0,62.0,107.0,1,113828.01383141668
cd970d2e7d3034e5946e71db0b4869c5,560,3892998,471471,7306.8332671125,22.620512820512822,6.153846153846154,11.032142857142857,1114.9792869920775,219.00535714285715,28813.536643879404,6.5928571428571425,28813.536643879404,25.207869247637124,28813.536643879404,54.0,64.0,442.0,236.0,183.0,141.0,1,146136.66534225
cdfff0fd9f4511931eff58f549fffc12,534,3282191,449645,6906.434480066664,33.960195360195364,5.868131868131868,11.938202247191011,1671.3751607395081,218.29026217228466,17973.66605884295,4.915730337078652,17973.66605884295,23.312835580517,17973.66605884295,28.0,74.0,432.0,182.0,108.0,244.0,1,138128.6896013333
cf27028c2fe4a9fe00795d0d4dd23a18,709,3720623,521102,8460.265415979164,36.5892551892552,7.791208791208791,8.559943582510579,367.8315005617841,177.46121297602258,15483.599129035083,6.689703808180536,15483.599129035083,22.62914006017453,15483.599129035083,30.0,65.0,614.0,311.0,11.0,387.0,1,169205.30831958327
d093196b2758f39a4548faed9e365d89,363,3704146,343483,6047.611987095832,32.41098901098903,3.989010989010989,13.253443526170798,2736.510174573461,339.633608815427,34627.54218224436,6.43801652892562,34627.54218224436,33.74035081849543,34627.54218224436,44.0,115.0,204.0,124.0,189.0,50.0,1,120952.23974191664
d0f374c7d36c93ba0772626d4c4e6f7a,581,3868859,453625,7632.573686758337,21.061538461538476,6.384615384615385,12.271944922547332,497.53281500385924,247.0120481927711,28732.070544245933,6.80895008605852,28732.070544245933,26.925687105953855,28732.070544245933,41.0,94.0,446.0,147.0,330.0,104.0,1,152651.47373516674
d54674169d8b98851d54d79405c5d261,388,2839635,348663,5536.087430529169,15.640781440781446,4.263736263736264,12.672680412371134,710.4171328485041,308.72680412371136,41290.96393084526,2.520618556701031,41290.96393084526,25.36603789954484,41290.96393084526,30.0,72.0,286.0,172.0,74.0,142.0,1,110721.74861058338
d6277e6596f855c87627312e947e4f9c,448,4346014,448160,7335.711771795838,21.560683760683744,4.923076923076923,9.848214285714286,524.348274209013,292.18526785714283,38435.430923418055,4.738839285714286,38435.430923418055,28.943951814083903,38435.430923418055,83.0,60.0,305.0,220.0,97.0,131.0,1,146714.23543591675
d967f5296732fa55266b5f1314e7447b,437,3329337,380800,6115.155073862501,24.18266178266178,4.802197802197802,18.050343249427918,4389.125900111263,221.68421052631578,29121.762433606935,12.935926773455378,29121.762433606935,27.878315211032717,29121.762433606935,37.0,82.0,318.0,166.0,128.0,143.0,1,122303.10147725002
db63522a6a88af9b817df48e3f6bad15,452,3624959,381349,6347.308389108338,32.54334554334555,4.967032967032967,13.710176991150442,607.8337764652794,276.8805309734513,28079.622059140955,11.915929203539823,28079.622059140955,28.288425466990258,28079.622059140955,61.0,60.0,331.0,163.0,164.0,125.0,1,126946.16778216675
e0a98706329350c48ea450d1705bdd86,504,3656331,401360,6391.005391970829,22.784615384615375,5.538461538461538,16.51984126984127,4859.705370948908,290.68849206349205,42190.48527485875,8.432539682539682,42190.48527485875,28.20047707763654,42190.48527485875,45.0,72.0,387.0,218.0,186.0,100.0,1,127820.10783941658
e225e4363d4ef824640866378d49a878,243,2798634,231671,4200.1726482458325,19.690109890109902,2.67032967032967,17.34567901234568,1734.276706458524,284.44444444444446,35863.26446280992,8.604938271604938,35863.26446280992,36.393624167688074,35863.26446280992,51.0,40.0,152.0,107.0,39.0,97.0,1,84003.45296491665
e253f0cb570353173a73119dcc0e54d2,318,2841691,290949,5011.111140775,30.208302808302793,3.4945054945054945,12.764150943396226,631.8653353967024,242.9056603773585,26689.86488899469,7.371069182389937,26689.86488899469,30.21273550321227,26689.86488899469,55.0,42.0,221.0,58.0,154.0,106.0,1,100222.2228155
e38156350137c3a0df6b4b43c002ce0b,275,3858780,328575,5467.755639808334,13.04395604395604,3.021978021978022,39.29818181818182,96308.96915726612,355.73818181818183,130550.20127405436,-15.301818181818183,130550.20127405436,34.59558124725483,130550.20127405436,68.0,57.0,150.0,145.0,28.0,102.0,1,109355.11279616668
e61357801b8cc7a4b40cf736e6890972,575,3009534,428664,6889.950772441672,52.44175824175821,6.318681318681318,11.598260869565218,570.0770004544768,194.7391304347826,13863.025905165887,11.535652173913043,13863.025905165887,22.631986880852907,13863.025905165887,31.0,46.0,498.0,205.0,142.0,228.0,1,137799.01544883344
e8b60c6f666907603bb5d70aa8cc6c80,499,3078259,431961,6277.102638366674,42.94139194139194,5.483516483516484,9.889779559118237,462.7649354934768,272.1102204408818,24124.74485517217,9.278557114228457,24124.74485517217,22.558595744690923,24124.74485517217,22.0,77.0,400.0,275.0,213.0,11.0,1,125542.05276733349
ec91bf40df64a813b83c67f46118de37,323,3173992,322047,5229.88237754584,14.93919413919415,3.5494505494505493,19.53560371517028,12418.578697382844,461.42724458204333,86537.74857219774,2.931888544891641,86537.74857219774,31.52177373265931,86537.74857219774,37.0,90.0,196.0,203.0,75.0,45.0,1,104597.64755091681
ee8b2edb7ef82ae69ccc57bba1889a40,606,4177867,469773,7850.105172279161,41.24932844932843,6.65934065934066,10.94059405940594,436.02621716717084,230.46699669966998,25125.168330469394,5.231023102310231,25125.168330469394,28.43550847549091,25125.168330469394,36.0,113.0,457.0,304.0,70.0,232.0,1,157002.10344558323
ef3e90cd957439dcf1a2afcfc4b0cad7,508,3005857,397899,6556.138972175002,24.379242979242967,5.582417582417582,9.285433070866143,309.36412663653687,257.751968503937,25836.07642609762,2.232283464566929,25836.07642609762,23.81490356317626,25836.07642609762,26.0,54.0,428.0,324.0,97.0,87.0,1,131122.77944350004
f0124196d19be156b58f64700fdac7e0,542,3810456,545112,7354.793844795834,37.04249084249084,5.956043956043956,10.789667896678967,204.90577105401343,318.6291512915129,34727.43892681999,3.0977859778597785,34727.43892681999,22.428173264540415,34727.43892681999,42.0,87.0,413.0,221.0,318.0,3.0,1,147095.87689591668
f193cf4d5de76b20688d759ea7c66312,563,2992967,481593,7160.247656379169,38.44249084249087,6.186813186813187,10.190053285968029,268.2787620967996,210.43516873889877,19586.918832133415,7.80461811722913,19586.918832133415,20.063535007615602,19586.918832133415,20.0,61.0,482.0,285.0,228.0,50.0,1,143204.95312758337
f4b761ebd4f310f03e5e7f79b925ef4f,410,2849514,384573,5829.9143509583355,29.941636141636153,4.5054945054945055,7.18780487804878,83.53677023078296,224.22926829268292,23640.382515355715,3.5414634146341464,23640.382515355715,23.206137435310744,23640.382515355715,37.0,51.0,322.0,165.0,175.0,70.0,1,116598.28701916672
f7858e1e354a9fa26b3055bc12a4ee5b,428,3264188,429538,6025.761553395832,37.72210012210009,4.7032967032967035,11.317757009345794,672.6856792663441,268.70327102803736,35511.61900566875,4.605140186915888,35511.61900566875,22.69064836491857,35511.61900566875,48.0,36.0,344.0,59.0,341.0,28.0,1,120515.23106791664
fdff1a7205bc3b9ab1dc5dc223782fc5,515,3568586,405858,6488.026822395826,45.09377289377289,5.65934065934066,11.2873786407767,660.088459068414,311.48932038834954,34799.028582222076,2.8213592233009708,34799.028582222076,27.724390095562462,34799.028582222076,37.0,82.0,396.0,181.0,301.0,33.0,1,129760.53644791651
ff714a67ba8c6a108261cd81e3b77f3a,485,2834765,442492,6285.948397045835,22.801221001220984,5.329670329670329,10.65979381443299,385.27864871773033,178.5855670103093,13919.404336712945,2.888659793814433,13919.404336712945,21.02399148461187,13919.404336712945,27.0,70.0,388.0,164.0,308.0,13.0,1,125718.9679409167
fffecccc49436c5389075b13209f0dfa,406,2924913,353974,6050.600053658328,29.54017094017094,4.461538461538462,10.61576354679803,443.48656571185336,214.35714285714286,26365.642504409167,11.463054187192117,26365.642504409167,25.07097820552138,26365.642504409167,41.0,47.0,318.0,135.0,153.0,118.0,1,121012.00107316655
